{"seconds": [1698972788, 1698972788, 1698972788, 1698972789, 1698972789, 1698972789, 1698972789, 1698972789, 1698972789, 1698972789, 1698972789, 1698972789, 1698972789, 1698972790, 1698972790, 1698972790, 1698972790, 1698972790, 1698972790, 1698972790, 1698972790, 1698972790, 1698972790, 1698972791, 1698972791, 1698972791, 1698972791, 1698972791, 1698972791, 1698972791, 1698972791, 1698972791, 1698972791, 1698972792, 1698972792, 1698972792, 1698972792, 1698972792, 1698972792, 1698972792, 1698972792, 1698972792, 1698972792, 1698972793, 1698972793, 1698972793, 1698972793, 1698972793, 1698972793, 1698972793, 1698972793, 1698972793, 1698972794, 1698972794, 1698972794, 1698972794, 1698972794, 1698972794, 1698972794, 1698972794, 1698972794, 1698972794, 1698972795, 1698972795, 1698972795, 1698972795, 1698972795, 1698972795, 1698972795, 1698972795, 1698972795, 1698972795, 1698972796, 1698972796, 1698972796, 1698972796, 1698972796, 1698972796, 1698972796, 1698972796, 1698972796, 1698972796, 1698972797, 1698972797, 1698972797, 1698972797, 1698972797, 1698972797, 1698972797, 1698972797, 1698972797, 1698972797, 1698972798, 1698972798, 1698972798, 1698972798, 1698972798, 1698972798, 1698972798, 1698972798], "nanosecs": [706005520, 805890649, 905929277, 5511946, 104332714, 205905998, 305851613, 405947637, 505879017, 605902776, 705893288, 805857898, 905851490, 5830242, 105852556, 205975490, 304986048, 405842298, 505872900, 605837663, 704224882, 806226674, 905999767, 6045760, 105832019, 205948228, 306012404, 406044885, 506051705, 606016650, 706004969, 805951183, 905974640, 5983331, 105963381, 205957269, 305922136, 405950688, 506033971, 606027974, 706156760, 806039862, 905984089, 5999853, 103930585, 307910242, 406001328, 505656935, 605995566, 705996633, 805984069, 905724675, 5869403, 105954806, 205933657, 305827197, 405799969, 506153177, 605975511, 706003321, 806028555, 905874812, 6022902, 105043507, 206005750, 306006418, 406077085, 506002463, 606023089, 706133831, 805984875, 906087708, 5992318, 106027509, 206039477, 305770348, 406024212, 506066198, 606084475, 706071850, 806076766, 906152956, 6078178, 106090750, 206045970, 306043997, 406012709, 506161988, 606040313, 706034169, 806057958, 906049398, 6012181, 104011008, 204579385, 306012560, 406048625, 506058517, 606039059, 706008107], "mag": {"x": [675.9200000000001, 693.9200000000001, 669.9200000000001, 669.9200000000001, 675.9200000000001, 663.9200000000001, 663.9200000000001, 669.9200000000001, 669.9200000000001, 652.9200000000001, 646.9200000000001, 657.9200000000001, 669.9200000000001, 711.9200000000001, 581.9200000000001, 91.92000000000002, -150.07999999999998, -333.08, -581.0799999999999, -717.0799999999999, -693.0799999999999, -711.0799999999999, -717.0799999999999, -717.0799999999999, -705.0799999999999, -699.0799999999999, -688.0799999999999, -693.0799999999999, -705.0799999999999, -699.0799999999999, -693.0799999999999, -705.0799999999999, -693.0799999999999, -699.0799999999999, -699.0799999999999, -711.0799999999999, -717.0799999999999, -693.0799999999999, -676.0799999999999, -693.0799999999999, -699.0799999999999, -699.0799999999999, -693.0799999999999, -693.0799999999999, -693.0799999999999, -693.0799999999999, -693.0799999999999, -705.0799999999999, -688.0799999999999, -682.0799999999999, -693.0799999999999, -693.0799999999999, -693.0799999999999, -693.0799999999999, -693.0799999999999, -699.0799999999999, -699.0799999999999, -699.0799999999999, -693.0799999999999, -688.0799999999999, -693.0799999999999, -693.0799999999999, -693.0799999999999, -711.0799999999999, -705.0799999999999, -705.0799999999999, -717.0799999999999, -676.0799999999999, -699.0799999999999, -699.0799999999999, -693.0799999999999, -693.0799999999999, -705.0799999999999, -693.0799999999999, -699.0799999999999, -699.0799999999999, -705.0799999999999, -699.0799999999999, -705.0799999999999, -699.0799999999999, -699.0799999999999, -699.0799999999999, -693.0799999999999, -705.0799999999999, -682.0799999999999, -693.0799999999999, -693.0799999999999, -711.0799999999999, -699.0799999999999, -688.0799999999999, -688.0799999999999, -693.0799999999999, -693.0799999999999, -705.0799999999999, -688.0799999999999, -693.0799999999999, -682.0799999999999, -699.0799999999999, -705.0799999999999, -699.0799999999999], "y": [21.0, 27.0, 33.0, 38.0, 50.0, 38.0, 33.0, 21.0, 38.0, 27.0, 27.0, 50.0, 68.0, 56.0, -80.0, -80.0, -3.0, 127.0, 133.0, 15.0, 74.0, 21.0, 27.0, 21.0, 33.0, 50.0, 50.0, 56.0, 44.0, 38.0, 50.0, 44.0, 38.0, 38.0, 38.0, 56.0, 27.0, 15.0, 21.0, 33.0, 21.0, 38.0, 27.0, 32.0, 32.0, 21.0, 21.0, 33.0, 38.0, 33.0, 33.0, 44.0, 33.0, 32.0, 33.0, 33.0, 27.0, 21.0, 27.0, 15.0, 33.0, 21.0, 21.0, 38.0, 44.0, 32.0, 32.0, 21.0, 21.0, 32.0, 38.0, 21.0, 32.0, 32.0, 27.0, 33.0, 32.0, 38.0, 27.0, 44.0, 21.0, 21.0, 21.0, 38.0, 44.0, 27.0, 27.0, 21.0, 44.0, 21.0, 32.0, 44.0, 27.0, 56.0, 32.0, 56.0, 27.0, 38.0, 50.0, 44.0], "z": [-136.0, -136.0, -142.0, -143.0, -149.0, -155.0, -143.0, -143.0, -124.0, -136.0, -137.0, -124.0, -167.0, -423.0, -960.0, -1217.0, -1217.0, -1113.0, -942.0, -801.0, -783.0, -783.0, -771.0, -771.0, -789.0, -807.0, -801.0, -783.0, -789.0, -777.0, -795.0, -771.0, -789.0, -807.0, -807.0, -783.0, -795.0, -801.0, -807.0, -807.0, -813.0, -813.0, -795.0, -789.0, -801.0, -795.0, -795.0, -771.0, -795.0, -813.0, -807.0, -801.0, -801.0, -801.0, -807.0, -808.0, -795.0, -813.0, -801.0, -813.0, -795.0, -807.0, -789.0, -795.0, -801.0, -801.0, -795.0, -795.0, -813.0, -801.0, -777.0, -795.0, -801.0, -801.0, -807.0, -801.0, -801.0, -789.0, -795.0, -813.0, -826.0, -789.0, -795.0, -801.0, -814.0, -801.0, -789.0, -807.0, -813.0, -813.0, -795.0, -807.0, -807.0, -789.0, -820.0, -795.0, -801.0, -789.0, -795.0, -813.0]}}