{"seconds": [1698973118, 1698973118, 1698973118, 1698973118, 1698973119, 1698973119, 1698973119, 1698973119, 1698973119, 1698973119, 1698973119, 1698973119, 1698973119, 1698973120, 1698973120, 1698973120, 1698973120, 1698973120, 1698973120, 1698973120, 1698973120, 1698973120, 1698973120, 1698973121, 1698973121, 1698973121, 1698973121, 1698973121, 1698973121, 1698973121, 1698973121, 1698973121, 1698973121, 1698973122, 1698973122, 1698973122, 1698973122, 1698973122, 1698973122, 1698973122, 1698973122, 1698973122, 1698973122, 1698973123, 1698973123, 1698973123, 1698973123, 1698973123, 1698973123, 1698973123, 1698973123, 1698973123, 1698973123, 1698973124, 1698973124, 1698973124, 1698973124, 1698973124, 1698973124, 1698973124, 1698973124, 1698973124, 1698973125, 1698973125, 1698973125, 1698973125, 1698973125, 1698973125, 1698973125, 1698973125, 1698973125, 1698973125, 1698973126, 1698973126, 1698973126, 1698973126, 1698973126, 1698973126, 1698973126, 1698973126, 1698973126, 1698973126, 1698973127, 1698973127, 1698973127, 1698973127, 1698973127, 1698973127, 1698973127, 1698973127, 1698973127, 1698973127, 1698973128, 1698973128, 1698973128, 1698973128, 1698973128, 1698973128, 1698973128, 1698973128], "nanosecs": [686372559, 786246193, 886213734, 986222962, 86193325, 186214507, 287342854, 384422133, 486248259, 586274771, 686014201, 786237358, 886256556, 89471841, 186371102, 286303499, 386249217, 487361252, 586239616, 686491866, 786241820, 886243324, 986197355, 86382255, 186208666, 286257820, 386253083, 486295247, 586218616, 687388761, 786252351, 886500918, 986376190, 86284093, 186230474, 286289641, 386219361, 486261908, 586380600, 686295105, 786230160, 886404617, 986341547, 86256717, 186220241, 286247395, 386261290, 486383309, 586241606, 686254077, 786270020, 886223437, 986362409, 86382442, 186225466, 390503169, 486378168, 585949972, 685921614, 786291530, 886308902, 986245899, 85934451, 186186576, 285936080, 386148241, 485433020, 586051220, 686281769, 786113058, 885953677, 986288268, 86264188, 186237879, 286256433, 386328153, 485941336, 586264922, 686293164, 786292294, 886331735, 986279093, 85979977, 186266779, 286275278, 386254964, 486246523, 586268370, 685933304, 786328882, 887478258, 986311726, 86302752, 186298629, 285950272, 386297613, 486294963, 586297104, 686388108, 786041271], "mag": {"x": [8.660139860139862, 11.177622377622379, 7.820979020979022, 7.820979020979022, 9.4993006993007, 7.820979020979022, 8.660139860139862, 9.4993006993007, 8.660139860139862, 9.4993006993007, 6.142657342657345, 6.142657342657345, 9.4993006993007, 8.660139860139862, 8.660139860139862, 6.981818181818183, 8.660139860139862, 10.33846153846154, 10.33846153846154, 9.4993006993007, 8.660139860139862, 7.820979020979022, 8.660139860139862, 8.660139860139862, 7.820979020979022, 8.660139860139862, 11.177622377622379, 8.660139860139862, 10.33846153846154, 10.33846153846154, 9.4993006993007, 8.660139860139862, 6.981818181818183, 11.177622377622379, 11.177622377622379, 9.4993006993007, 11.177622377622379, 12.01678321678322, 11.177622377622379, 9.4993006993007, 9.4993006993007, 10.33846153846154, 10.33846153846154, 12.01678321678322, 9.4993006993007, 8.660139860139862, 9.4993006993007, 7.820979020979022, 9.4993006993007, 9.4993006993007, 6.282517482517484, 10.33846153846154, 6.981818181818183, 6.981818181818183, 9.4993006993007, 6.981818181818183, 8.660139860139862, 7.820979020979022, 8.660139860139862, 6.981818181818183, 7.820979020979022, 9.4993006993007, 6.981818181818183, 9.4993006993007, 5.443356643356645, 6.981818181818183, 5.443356643356645, 6.981818181818183, 7.820979020979022, 7.820979020979022, 9.4993006993007, 7.820979020979022, 7.820979020979022, 6.142657342657345, 6.142657342657345, 6.142657342657345, 6.142657342657345, 6.142657342657345, 7.820979020979022, 7.820979020979022, 6.142657342657345, 7.820979020979022, 6.142657342657345, 8.660139860139862, 8.660139860139862, 8.660139860139862, 7.820979020979022, 7.820979020979022, 10.33846153846154, 8.660139860139862, 8.660139860139862, 7.820979020979022, 7.820979020979022, 6.981818181818183, 6.981818181818183, 7.820979020979022, 8.660139860139862, 10.33846153846154, 9.4993006993007, 10.33846153846154], "y": [42.69662921348314, 42.69662921348314, 44.38202247191011, 46.067415730337075, 42.69662921348314, 38.48314606741573, 45.2247191011236, 45.2247191011236, 42.69662921348314, 46.067415730337075, 41.01123595505618, 42.69662921348314, 43.53932584269663, 41.01123595505618, 42.69662921348314, 41.01123595505618, 43.53932584269663, 44.38202247191011, 44.38202247191011, 43.53932584269663, 42.69662921348314, 43.53932584269663, 45.2247191011236, 46.067415730337075, 43.53932584269663, 43.53932584269663, 43.53932584269663, 44.38202247191011, 42.69662921348314, 45.2247191011236, 45.2247191011236, 44.38202247191011, 43.53932584269663, 45.2247191011236, 44.38202247191011, 42.69662921348314, 41.853932584269664, 43.53932584269663, 45.2247191011236, 46.067415730337075, 44.38202247191011, 45.2247191011236, 46.067415730337075, 45.2247191011236, 45.2247191011236, 44.38202247191011, 44.38202247191011, 41.853932584269664, 43.53932584269663, 42.69662921348314, 43.53932584269663, 41.853932584269664, 43.53932584269663, 44.38202247191011, 41.853932584269664, 43.53932584269663, 42.69662921348314, 42.69662921348314, 42.69662921348314, 42.69662921348314, 43.53932584269663, 41.853932584269664, 40.168539325842694, 42.69662921348314, 43.53932584269663, 41.853932584269664, 41.853932584269664, 44.38202247191011, 41.853932584269664, 41.853932584269664, 43.53932584269663, 41.01123595505618, 42.69662921348314, 43.53932584269663, 42.69662921348314, 41.853932584269664, 41.853932584269664, 41.853932584269664, 42.69662921348314, 41.853932584269664, 41.853932584269664, 41.853932584269664, 44.38202247191011, 43.53932584269663, 42.69662921348314, 45.2247191011236, 42.69662921348314, 44.38202247191011, 44.38202247191011, 44.38202247191011, 42.69662921348314, 42.69662921348314, 43.53932584269663, 42.69662921348314, 40.168539325842694, 42.69662921348314, 40.168539325842694, 41.01123595505618, 40.168539325842694, 42.69662921348314],