{"seconds": [1698972527, 1698972527, 1698972527, 1698972527, 1698972527, 1698972527, 1698972527, 1698972527, 1698972528, 1698972528, 1698972528, 1698972528, 1698972528, 1698972528, 1698972528, 1698972528, 1698972528, 1698972528, 1698972529, 1698972529, 1698972529, 1698972529, 1698972529, 1698972529, 1698972529, 1698972529, 1698972529, 1698972529, 1698972530, 1698972530, 1698972530, 1698972530, 1698972530, 1698972530, 1698972530, 1698972530, 1698972530, 1698972530, 1698972531, 1698972531, 1698972531, 1698972531, 1698972531, 1698972531, 1698972531, 1698972531, 1698972531, 1698972531, 1698972532, 1698972532, 1698972532, 1698972532, 1698972532, 1698972532, 1698972532, 1698972532, 1698972532, 1698972533, 1698972533, 1698972533, 1698972533, 1698972533, 1698972533, 1698972533, 1698972533, 1698972533, 1698972533, 1698972534, 1698972534, 1698972534, 1698972534, 1698972534, 1698972534, 1698972534, 1698972534, 1698972534, 1698972535, 1698972535, 1698972535, 1698972535, 1698972535, 1698972535, 1698972535, 1698972535, 1698972535, 1698972535, 1698972536, 1698972536, 1698972536, 1698972536, 1698972536, 1698972536, 1698972536, 1698972536, 1698972536, 1698972536, 1698972537, 1698972537, 1698972537, 1698972537], "nanosecs": [262906374, 365021747, 463056655, 565051819, 665236745, 764608434, 865105972, 962888140, 65247868, 163300785, 263085593, 363101732, 463732232, 563128274, 665996568, 764403070, 862847626, 963144733, 63018099, 164195750, 262887396, 362869734, 462951316, 563060215, 663080378, 763012671, 863032241, 962878295, 62846856, 162871411, 262926368, 362869773, 462877133, 562984748, 662878521, 762873372, 862854386, 963495675, 63250242, 163287699, 262864016, 363119824, 463163096, 562860461, 663176629, 765296819, 864613265, 962943253, 64889113, 164248624, 263317962, 363255026, 464870101, 667586296, 765726518, 863082052, 964184395, 62992616, 164969339, 264798531, 365160065, 463187340, 563199413, 662923176, 764553128, 862920354, 963712670, 62908552, 162967930, 262951972, 363941323, 465046227, 565117571, 665100894, 765069454, 865217586, 67239132, 165144303, 265236033, 365224785, 465234183, 565359520, 665114708, 764971709, 864881410, 965233724, 65234556, 163839424, 263670702, 363657358, 464705659, 565019098, 663745241, 764562810, 864703530, 964713634, 65108530, 164916908, 265066461, 365083317], "mag": {"x": [184.67171717171715, 195.67171717171715, 213.67171717171715, 201.67171717171715, 178.67171717171715, 207.67171717171715, 195.67171717171715, 195.67171717171715, 213.67171717171715, 195.67171717171715, 195.67171717171715, 195.67171717171715, 201.67171717171715, 190.67171717171715, 207.67171717171715, 201.67171717171715, 190.67171717171715, 195.67171717171715, 201.67171717171715, 195.67171717171715, 207.67171717171715, 190.67171717171715, 207.67171717171715, 213.67171717171715, 190.67171717171715, 219.67171717171715, 213.67171717171715, 201.67171717171715, 195.67171717171715, 201.67171717171715, 213.67171717171715, 213.67171717171715, 201.67171717171715, 207.67171717171715, 190.67171717171715, 201.67171717171715, 207.67171717171715, 201.67171717171715, 201.67171717171715, 219.67171717171715, 184.67171717171715, 201.67171717171715, 213.67171717171715, 201.67171717171715, 207.67171717171715, 184.67171717171715, 207.67171717171715, 195.67171717171715, 207.67171717171715, 201.67171717171715, 219.67171717171715, 207.67171717171715, 201.67171717171715, 184.67171717171715, 201.67171717171715, 201.67171717171715, 201.67171717171715, 207.67171717171715, 213.67171717171715, 195.67171717171715, 195.67171717171715, 190.67171717171715, 201.67171717171715, 201.67171717171715, 190.67171717171715, 195.67171717171715, 201.67171717171715, 201.67171717171715, 190.67171717171715, 195.67171717171715, 201.67171717171715, 201.67171717171715, 195.67171717171715, 213.67171717171715, 201.67171717171715, 195.67171717171715, 195.67171717171715, 201.67171717171715, 201.67171717171715, 213.67171717171715, 195.67171717171715, 201.67171717171715, 213.67171717171715, 195.67171717171715, 195.67171717171715, 190.67171717171715, 201.67171717171715, 213.67171717171715, 195.67171717171715, 219.67171717171715, 219.67171717171715, 201.67171717171715, 207.67171717171715, 201.67171717171715, 213.67171717171715, 201.67171717171715, 184.67171717171715, 201.67171717171715, 207.67171717171715, 207.67171717171715], "y": [-104.74242424242425, -86.74242424242425, -92.74242424242425, -56.74242424242425, -62.74242424242425, -80.74242424242425, -98.74242424242425, -68.74242424242425, -80.74242424242425, -74.74242424242425, -74.74242424242425, -51.74242424242425, -86.74242424242425, -74.74242424242425, -80.74242424242425, -86.74242424242425, -80.74242424242425, -92.74242424242425, -74.74242424242425, -86.74242424242425, -86.74242424242425, -86.74242424242425, -80.74242424242425, -80.74242424242425, -86.74242424242425, -74.74242424242425, -62.74242424242425, -74.74242424242425, -80.74242424242425, -86.74242424242425, -74.74242424242425, -86.74242424242425, -86.74242424242425, -74.74242424242425, -86.74242424242425, -80.74242424242425, -86.74242424242425, -80.74242424242425, -80.74242424242425, -68.74242424242425, -86.74242424242425, -92.74242424242425, -74.74242424242425, -80.74242424242425, -80.74242424242425, -92.74242424242425, -74.74242424242425, -80.74242424242425, -86.74242424242425, -92.74242424242425, -80.74242424242425, -86.74242424242425, -86.74242424242425, -86.74242424242425, -74.74242424242425, -92.74242424242425, -80.74242424242425, -92.74242424242425, -86.74242424242425, -74.74242424242425, -80.74242424242425, -68.74242424242425, -80.74242424242425, -68.74242424242425, -62.74242424242425, -62.74242424242425, -80.74242424242425, -74.74242424242425, -86.74242424242425, -98.74242424242425, -98.74242424242425, -68.74242424242425, -62.74242424242425, -80.74242424242425, -74.74242424242425, -92.74242424242425, -92.74242424242425, -80.74242424242425, -80.74242424242425, -98.74242424242425, -80.74242424242425, -86.74242424242425, -98.74242424242425, -74.74242424242425, -80.74242424242425, -80.74242424242425, -92.74242424242425, -86.74242424242425, -68.74242424242425, -104.74242424242425, -80.74242424242425, -86.74242424242425, -86.74242424242425, -80.74242424242425, -80.74242424242425, -80.74242424242425, -92.74242424242425, -86.74242424242425, -98.74242424242425, -92.74242424242425],