{"seconds": [1698972433, 1698972433, 1698972433, 1698972433, 1698972433, 1698972433, 1698972433, 1698972433, 1698972433, 1698972434, 1698972434, 1698972434, 1698972434, 1698972434, 1698972434, 1698972434, 1698972434, 1698972434, 1698972434, 1698972435, 1698972435, 1698972435, 1698972435, 1698972435, 1698972435, 1698972435, 1698972435, 1698972435, 1698972436, 1698972436, 1698972436, 1698972436, 1698972436, 1698972436, 1698972436, 1698972436, 1698972436, 1698972436, 1698972437, 1698972437, 1698972437, 1698972437, 1698972437, 1698972437, 1698972437, 1698972437, 1698972437, 1698972437, 1698972438, 1698972438, 1698972438, 1698972438, 1698972438, 1698972438, 1698972438, 1698972438, 1698972438, 1698972438, 1698972439, 1698972439, 1698972439, 1698972439, 1698972439, 1698972439, 1698972439, 1698972439, 1698972439, 1698972439, 1698972440, 1698972440, 1698972440, 1698972440, 1698972440, 1698972440, 1698972440, 1698972440, 1698972441, 1698972441, 1698972441, 1698972441, 1698972441, 1698972441, 1698972441, 1698972441, 1698972441, 1698972441, 1698972442, 1698972442, 1698972442, 1698972442, 1698972442, 1698972442, 1698972442, 1698972442, 1698972442, 1698972443, 1698972443, 1698972443, 1698972443, 1698972443], "nanosecs": [163474806, 263367361, 364232057, 463416176, 563313646, 663310184, 763310262, 863397555, 963169870, 64998482, 163268104, 263600072, 363633126, 463481750, 565212786, 665282581, 763624918, 863246871, 963226650, 63792209, 163861735, 264872420, 363762177, 463749687, 667671150, 765388498, 863486296, 963332661, 65354074, 164212243, 263477416, 363498116, 464043825, 563969535, 664917493, 763604988, 864902207, 962302533, 65865407, 164728037, 264062321, 363528574, 463848923, 563419389, 665604100, 763210414, 863664217, 963513169, 63878247, 163633405, 265362071, 363646356, 463569747, 563481836, 663690174, 762365346, 864865020, 964325082, 64516806, 165366015, 265266753, 365159884, 463907679, 565423299, 665184300, 764991615, 865459404, 965579148, 64539628, 267019675, 465739793, 566554763, 664991045, 763522901, 863981595, 963298922, 65404605, 163643138, 263667627, 365418236, 463893441, 563659128, 665155821, 765336275, 863761894, 962216067, 64913123, 165164669, 264106184, 365552634, 463911774, 565408112, 663712919, 762470830, 863219836, 168951136, 262868767, 362321808, 463953321, 565363629], "mag": {"x": [201.67171717171715, 207.67171717171715, 201.67171717171715, 190.67171717171715, 207.67171717171715, 195.67171717171715, 213.67171717171715, 201.67171717171715, 201.67171717171715, 190.67171717171715, 219.67171717171715, 201.67171717171715, 201.67171717171715, 195.67171717171715, 195.67171717171715, 213.67171717171715, 219.67171717171715, 201.67171717171715, 201.67171717171715, 195.67171717171715, 201.67171717171715, 201.67171717171715, 219.67171717171715, 207.67171717171715, 213.67171717171715, 201.67171717171715, 207.67171717171715, 195.67171717171715, 213.67171717171715, 207.67171717171715, 195.67171717171715, 207.67171717171715, 195.67171717171715, 184.67171717171715, 195.67171717171715, 201.67171717171715, 201.67171717171715, 201.67171717171715, 195.67171717171715, 195.67171717171715, 190.67171717171715, 207.67171717171715, 207.67171717171715, 201.67171717171715, 195.67171717171715, 201.67171717171715, 190.67171717171715, 201.67171717171715, 195.67171717171715, 201.67171717171715, 201.67171717171715, 213.67171717171715, 201.67171717171715, 219.67171717171715, 207.67171717171715, 207.67171717171715, 207.67171717171715, 201.67171717171715, 195.67171717171715, 195.67171717171715, 207.67171717171715, 195.67171717171715, 201.67171717171715, 195.67171717171715, 207.67171717171715, 201.67171717171715, 201.67171717171715, 195.67171717171715, 213.67171717171715, 213.67171717171715, 195.67171717171715, 201.67171717171715, 201.67171717171715, 184.67171717171715, 201.67171717171715, 207.67171717171715, 207.67171717171715, 195.67171717171715, 201.67171717171715, 201.67171717171715, 207.67171717171715, 195.67171717171715, 201.67171717171715, 195.67171717171715, 207.67171717171715, 213.67171717171715, 219.67171717171715, 201.67171717171715, 184.67171717171715, 195.67171717171715, 207.67171717171715, 207.67171717171715, 207.67171717171715, 207.67171717171715, 195.67171717171715, 184.67171717171715, 201.67171717171715, 207.67171717171715, 201.67171717171715, 213.67171717171715], "y": [-74.74242424242425, -74.74242424242425, -80.74242424242425, -74.74242424242425, -56.74242424242425, -68.74242424242425, -74.74242424242425, -74.74242424242425, -68.74242424242425, -80.74242424242425, -68.74242424242425, -80.74242424242425, -86.74242424242425, -86.74242424242425, -74.74242424242425, -51.74242424242425, -86.74242424242425, -80.74242424242425, -80.74242424242425, -62.74242424242425, -74.74242424242425, -86.74242424242425, -62.74242424242425, -74.74242424242425, -80.74242424242425, -62.74242424242425, -74.74242424242425, -68.74242424242425, -92.74242424242425, -62.74242424242425, -92.74242424242425, -86.74242424242425, -92.74242424242425, -80.74242424242425, -80.74242424242425, -104.74242424242425, -80.74242424242425, -74.74242424242425, -86.74242424242425, -74.74242424242425, -98.74242424242425, -80.74242424242425, -92.74242424242425, -80.74242424242425, -92.74242424242425, -74.74242424242425, -80.74242424242425, -92.74242424242425, -68.74242424242425, -98.74242424242425, -86.74242424242425, -92.74242424242425, -74.74242424242425, -80.74242424242425, -92.74242424242425, -98.74242424242425, -92.74242424242425, -80.74242424242425, -74.74242424242425, -74.74242424242425, -80.74242424242425, -74.74242424242425, -80.74242424242425, -92.74242424242425, -86.74242424242425, -86.74242424242425, -92.74242424242425, -80.74242424242425, -86.74242424242425, -56.74242424242425, -68.74242424242425, -80.74242424242425, -80.74242424242425, -74.74242424242425, -74.74242424242425, -74.74242424242425, -92.74242424242425, -92.74242424242425, -98.74242424242425, -86.74242424242425, -86.74242424242425, -80.74242424242425, -86.74242424242425, -92.74242424242425, -62.74242424242425, -86.74242424242425, -74.74242424242425, -68.74242424242425, -80.74242424242425, -68.74242424242425, -86.74242424242425, -74.74242424242425, -68.74242424242425, -74.74242424242425, -56.74242424242425, -92.74242424242425, -86.74242424242425, -74.74242424242425, -62.74242424242425, -74.74242424242425],