{"seconds": [1698973017, 1698973017, 1698973017, 1698973017, 1698973017, 1698973017, 1698973018, 1698973018, 1698973018, 1698973018, 1698973018, 1698973018, 1698973018, 1698973018, 1698973018, 1698973018, 1698973019, 1698973019, 1698973019, 1698973019, 1698973019, 1698973019, 1698973019, 1698973019, 1698973019, 1698973019, 1698973020, 1698973020, 1698973020, 1698973020, 1698973020, 1698973020, 1698973020, 1698973020, 1698973020, 1698973020, 1698973021, 1698973021, 1698973021, 1698973021, 1698973021, 1698973021, 1698973021, 1698973021, 1698973021, 1698973021, 1698973022, 1698973022, 1698973022, 1698973022, 1698973022, 1698973022, 1698973022, 1698973022, 1698973022, 1698973023, 1698973023, 1698973023, 1698973023, 1698973023, 1698973023, 1698973023, 1698973023, 1698973023, 1698973024, 1698973024, 1698973024, 1698973024, 1698973024, 1698973024, 1698973024, 1698973024, 1698973024, 1698973025, 1698973025, 1698973025, 1698973025, 1698973025, 1698973025, 1698973025, 1698973025, 1698973025, 1698973025, 1698973026, 1698973026, 1698973026, 1698973026, 1698973026, 1698973026, 1698973026, 1698973026, 1698973026, 1698973026, 1698973027, 1698973027, 1698973027, 1698973027, 1698973027, 1698973027, 1698973027], "nanosecs": [408448427, 506822371, 608283093, 706784387, 806708886, 906951684, 6945607, 106515937, 206562058, 307085029, 407916744, 505630205, 605473302, 705371452, 805397823, 905496735, 5475588, 105432823, 206916311, 306534729, 407908884, 507224188, 605481130, 707204929, 805364931, 908651751, 8151896, 108476617, 208736077, 308739442, 408647802, 508415365, 608468531, 706910966, 807218308, 908653760, 7816945, 107749764, 207658368, 308540635, 407469512, 508643966, 607349865, 708563082, 808906382, 908663090, 7619189, 108352904, 208523493, 308730350, 407399106, 609091872, 706683852, 807065623, 907579881, 110802657, 208272991, 307574646, 407461821, 508238512, 608565978, 708530738, 807376778, 907601609, 8539363, 107423631, 206550344, 409994447, 506702602, 606457067, 706790324, 806997513, 907533296, 8899694, 107423287, 207432649, 308360753, 408366202, 508448909, 605664807, 706606702, 805410062, 905443204, 6830338, 107588462, 208599498, 307802166, 407678653, 508599691, 608710289, 708022916, 807091729, 905635995, 6490147, 105490822, 206492205, 307303788, 407516021, 507795714, 607689961], "mag": {"x": [6.142657342657345, 8.660139860139862, 7.820979020979022, 9.4993006993007, 8.660139860139862, 10.33846153846154, 8.660139860139862, 7.820979020979022, 6.981818181818183, 6.981818181818183, 6.981818181818183, 7.820979020979022, 6.142657342657345, 6.981818181818183, 6.142657342657345, 7.820979020979022, 6.981818181818183, 8.660139860139862, 9.4993006993007, 7.820979020979022, 6.981818181818183, 7.820979020979022, 8.660139860139862, 7.820979020979022, 6.981818181818183, 9.4993006993007, 7.820979020979022, 6.981818181818183, 7.820979020979022, 8.660139860139862, 7.820979020979022, 6.142657342657345, 8.660139860139862, 6.142657342657345, 8.660139860139862, 7.820979020979022, 5.443356643356645, 6.981818181818183, 7.820979020979022, 9.4993006993007, 6.981818181818183, 6.142657342657345, 6.142657342657345, 5.443356643356645, 6.981818181818183, 6.142657342657345, 6.981818181818183, 9.4993006993007, 6.981818181818183, 6.981818181818183, 10.33846153846154, 8.660139860139862, 10.33846153846154, 7.820979020979022, 6.981818181818183, 6.981818181818183, 7.820979020979022, 8.660139860139862, 6.142657342657345, 4.604195804195806, 6.981818181818183, 7.820979020979022, 7.820979020979022, 6.142657342657345, 7.820979020979022, 7.820979020979022, 7.820979020979022, 6.142657342657345, 6.981818181818183, 9.4993006993007, 7.820979020979022, 8.660139860139862, 9.4993006993007, 7.820979020979022, 6.142657342657345, 6.981818181818183, 8.660139860139862, 8.660139860139862, 8.660139860139862, 6.981818181818183, 6.142657342657345, 6.981818181818183, 6.981818181818183, 5.443356643356645, 7.820979020979022, 6.981818181818183, 7.820979020979022, 6.981818181818183, 6.142657342657345, 7.820979020979022, 6.981818181818183, 8.660139860139862, 6.981818181818183, 9.4993006993007, 9.4993006993007, 9.4993006993007, 6.981818181818183, 7.820979020979022, 8.660139860139862, 7.820979020979022], "y": [-43.53932584269663, -43.53932584269663, -42.69662921348314, -41.853932584269664, -42.69662921348314, -45.2247191011236, -41.853932584269664, -41.01123595505618, -42.69662921348314, -42.69662921348314, -45.2247191011236, -41.01123595505618, -43.53932584269663, -42.69662921348314, -43.53932584269663, -43.53932584269663, -41.853932584269664, -43.53932584269663, -43.53932584269663, -42.69662921348314, -40.168539325842694, -41.853932584269664, -41.853932584269664, -44.38202247191011, -41.01123595505618, -42.69662921348314, -43.53932584269663, -43.53932584269663, -42.69662921348314, -41.853932584269664, -42.69662921348314, -42.69662921348314, -43.53932584269663, -42.69662921348314, -41.01123595505618, -43.53932584269663, -40.168539325842694, -41.01123595505618, -42.69662921348314, -45.2247191011236, -41.853932584269664, -44.38202247191011, -42.69662921348314, -42.69662921348314, -41.01123595505618, -42.69662921348314, -43.53932584269663, -43.53932584269663, -42.69662921348314, -42.69662921348314, -41.853932584269664, -45.2247191011236, -43.53932584269663, -43.53932584269663, -41.01123595505618, -43.53932584269663, -41.853932584269664, -40.168539325842694, -41.01123595505618, -44.38202247191011, -46.067415730337075, -41.853932584269664, -41.01123595505618, -44.38202247191011, -41.853932584269664, -45.2247191011236, -41.853932584269664, -44.38202247191011, -42.69662921348314, -42.69662921348314, -41.853932584269664, -43.53932584269663, -45.2247191011236, -42.69662921348314, -42.69662921348314, -44.38202247191011, -44.38202247191011, -44.38202247191011, -41.853932584269664, -43.53932584269663, -42.69662921348314, -44.38202247191011, -45.2247191011236, -46.067415730337075, -46.067415730337075, -43.53932584269663, -42.69662921348314, -43.53932584269663, -42.69662921348314, -41.853932584269664, -41.853932584269664, -42.69662921348314, -44.38202247191011, -47.6123595505618, -43.53932584269663, -41.853932584269664, -42.69662921348314, -44.38202247191011, -46.067415730337075, -41.853932584269664],