{"seconds": [1698972547, 1698972548, 1698972548, 1698972548, 1698972548, 1698972548, 1698972548, 1698972548, 1698972548, 1698972548, 1698972548, 1698972549, 1698972549, 1698972549, 1698972549, 1698972549, 1698972549, 1698972549, 1698972549, 1698972549, 1698972550, 1698972550, 1698972550, 1698972550, 1698972550, 1698972550, 1698972550, 1698972550, 1698972550, 1698972550, 1698972551, 1698972551, 1698972551, 1698972551, 1698972551, 1698972551, 1698972551, 1698972551, 1698972551, 1698972551, 1698972552, 1698972552, 1698972552, 1698972552, 1698972552, 1698972552, 1698972552, 1698972552, 1698972552, 1698972552, 1698972553, 1698972553, 1698972553, 1698972553, 1698972553, 1698972553, 1698972553, 1698972553, 1698972553, 1698972554, 1698972554, 1698972554, 1698972554, 1698972554, 1698972554, 1698972554, 1698972554, 1698972555, 1698972555, 1698972555, 1698972555, 1698972555, 1698972555, 1698972555, 1698972555, 1698972555, 1698972556, 1698972556, 1698972556, 1698972556, 1698972556, 1698972556, 1698972556, 1698972556, 1698972556, 1698972556, 1698972557, 1698972557, 1698972557, 1698972557, 1698972557, 1698972557, 1698972557, 1698972557, 1698972557, 1698972557, 1698972558, 1698972558, 1698972558, 1698972558], "nanosecs": [963624894, 63562550, 163680302, 263623037, 363289237, 463622786, 564881074, 663638574, 764793912, 863727564, 963686184, 64906467, 163642626, 263704569, 363621576, 463589797, 563557455, 663707469, 866024117, 965028156, 63686594, 163613903, 263570303, 363570669, 463563804, 563661005, 663567462, 763530898, 863958237, 963618646, 63566794, 163597190, 263960506, 363553612, 463580832, 563736493, 663606759, 763641327, 863659875, 963570647, 63580330, 163721370, 263632623, 363639422, 463641866, 563491776, 663587199, 763767913, 863764417, 963708004, 63753572, 265786973, 363586630, 463553843, 563642602, 663740836, 763652019, 863688908, 963754156, 63653767, 265925265, 363371705, 463881878, 563749823, 766109661, 864099021, 963716258, 63619068, 163737669, 263719346, 363787983, 463789711, 563672743, 766110899, 863793227, 965201757, 65008446, 163752119, 263741227, 363700256, 463545539, 563734212, 663301768, 763727520, 863686144, 963665098, 63721897, 163594355, 263695599, 363635656, 463714146, 563763642, 664903860, 763703993, 863784566, 963762427, 63665524, 165091696, 263752500, 465883470], "mag": {"x": [201.67171717171715, 213.67171717171715, 213.67171717171715, 207.67171717171715, 201.67171717171715, 184.67171717171715, 201.67171717171715, 195.67171717171715, 207.67171717171715, 213.67171717171715, 201.67171717171715, 213.67171717171715, 219.67171717171715, 201.67171717171715, 213.67171717171715, 201.67171717171715, 195.67171717171715, 207.67171717171715, 201.67171717171715, 201.67171717171715, 207.67171717171715, 195.67171717171715, 201.67171717171715, 195.67171717171715, 195.67171717171715, 207.67171717171715, 207.67171717171715, 195.67171717171715, 195.67171717171715, 195.67171717171715, 207.67171717171715, 195.67171717171715, 195.67171717171715, 201.67171717171715, 195.67171717171715, 219.67171717171715, 190.67171717171715, 225.67171717171715, 184.67171717171715, 201.67171717171715, 195.67171717171715, 201.67171717171715, 225.67171717171715, 201.67171717171715, 178.67171717171715, 195.67171717171715, 201.67171717171715, 190.67171717171715, 184.67171717171715, 195.67171717171715, 207.67171717171715, 201.67171717171715, 207.67171717171715, 184.67171717171715, 201.67171717171715, 195.67171717171715, 201.67171717171715, 201.67171717171715, 195.67171717171715, 184.67171717171715, 189.67171717171715, 207.67171717171715, 213.67171717171715, 195.67171717171715, 201.67171717171715, 207.67171717171715, 195.67171717171715, 184.67171717171715, 195.67171717171715, 190.67171717171715, 195.67171717171715, 201.67171717171715, 195.67171717171715, 201.67171717171715, 195.67171717171715, 213.67171717171715, 213.67171717171715, 213.67171717171715, 219.67171717171715, 213.67171717171715, 190.67171717171715, 195.67171717171715, 201.67171717171715, 201.67171717171715, 190.67171717171715, 213.67171717171715, 207.67171717171715, 190.67171717171715, 207.67171717171715, 201.67171717171715, 201.67171717171715, 201.67171717171715, 207.67171717171715, 207.67171717171715, 201.67171717171715, 207.67171717171715, 201.67171717171715, 195.67171717171715, 201.67171717171715, 213.67171717171715], "y": [-80.74242424242425, -86.74242424242425, -56.74242424242425, -92.74242424242425, -86.74242424242425, -74.74242424242425, -86.74242424242425, -56.74242424242425, -86.74242424242425, -86.74242424242425, -86.74242424242425, -86.74242424242425, -56.74242424242425, -62.74242424242425, -86.74242424242425, -92.74242424242425, -86.74242424242425, -56.74242424242425, -74.74242424242425, -74.74242424242425, -74.74242424242425, -68.74242424242425, -51.74242424242425, -98.74242424242425, -92.74242424242425, -68.74242424242425, -74.74242424242425, -62.74242424242425, -92.74242424242425, -74.74242424242425, -86.74242424242425, -80.74242424242425, -68.74242424242425, -62.74242424242425, -86.74242424242425, -86.74242424242425, -74.74242424242425, -68.74242424242425, -92.74242424242425, -80.74242424242425, -68.74242424242425, -56.74242424242425, -62.74242424242425, -80.74242424242425, -80.74242424242425, -56.74242424242425, -80.74242424242425, -68.74242424242425, -80.74242424242425, -74.74242424242425, -80.74242424242425, -74.74242424242425, -74.74242424242425, -80.74242424242425, -80.74242424242425, -68.74242424242425, -86.74242424242425, -92.74242424242425, -86.74242424242425, -62.74242424242425, -92.74242424242425, -56.74242424242425, -74.74242424242425, -80.74242424242425, -92.74242424242425, -68.74242424242425, -86.74242424242425, -74.74242424242425, -68.74242424242425, -56.74242424242425, -86.74242424242425, -86.74242424242425, -86.74242424242425, -86.74242424242425, -92.74242424242425, -80.74242424242425, -68.74242424242425, -56.74242424242425, -80.74242424242425, -80.74242424242425, -51.74242424242425, -74.74242424242425, -80.74242424242425, -86.74242424242425, -74.74242424242425, -86.74242424242425, -86.74242424242425, -68.74242424242425, -56.74242424242425, -86.74242424242425, -86.74242424242425, -74.74242424242425, -68.74242424242425, -80.74242424242425, -86.74242424242425, -74.74242424242425, -68.74242424242425, -74.74242424242425, -86.74242424242425, -80.74242424242425],