{"seconds": [1698973027, 1698973027, 1698973027, 1698973028, 1698973028, 1698973028, 1698973028, 1698973028, 1698973028, 1698973028, 1698973028, 1698973028, 1698973028, 1698973029, 1698973029, 1698973029, 1698973029, 1698973029, 1698973029, 1698973029, 1698973029, 1698973029, 1698973030, 1698973030, 1698973030, 1698973030, 1698973030, 1698973030, 1698973030, 1698973030, 1698973030, 1698973030, 1698973031, 1698973031, 1698973031, 1698973031, 1698973031, 1698973031, 1698973031, 1698973031, 1698973031, 1698973031, 1698973032, 1698973032, 1698973032, 1698973032, 1698973032, 1698973032, 1698973032, 1698973032, 1698973032, 1698973032, 1698973033, 1698973033, 1698973033, 1698973033, 1698973033, 1698973033, 1698973033, 1698973033, 1698973033, 1698973033, 1698973034, 1698973034, 1698973034, 1698973034, 1698973034, 1698973034, 1698973034, 1698973034, 1698973034, 1698973035, 1698973035, 1698973035, 1698973035, 1698973035, 1698973035, 1698973035, 1698973035, 1698973036, 1698973036, 1698973036, 1698973036, 1698973036, 1698973036, 1698973036, 1698973036, 1698973036, 1698973036, 1698973037, 1698973037, 1698973037, 1698973037, 1698973037, 1698973037, 1698973037, 1698973037, 1698973037, 1698973037, 1698973038], "nanosecs": [707672295, 807100703, 907803883, 7708492, 107712676, 207892244, 308680833, 407595658, 507550694, 608343264, 706655920, 807149810, 908755809, 8409356, 108274616, 207571185, 308376042, 407584286, 507349878, 608319547, 707622296, 805670441, 10643264, 108697880, 207636898, 308737078, 408731535, 507768798, 608667223, 707454541, 807525347, 907475450, 7477925, 107543672, 207243054, 307346919, 408449460, 507566069, 607535729, 707330465, 807500289, 907376415, 7512072, 107518925, 207239433, 307254716, 407412321, 507429152, 607532728, 707360864, 806654016, 907638199, 7637360, 107604662, 207496549, 307647676, 407465268, 507535309, 608317105, 707589846, 807336198, 907683650, 7552282, 107816721, 207602588, 307621667, 407563913, 507642611, 607355577, 707709413, 909000773, 7186997, 107406991, 309487998, 407442402, 507320376, 607202860, 809599110, 907254664, 7686848, 107618513, 207381404, 307524108, 407262558, 507347362, 607490131, 707207207, 806861400, 905530865, 5731395, 106705416, 208099955, 306698258, 407208717, 510425757, 606769223, 706604272, 805872168, 907449350, 7192705], "mag": {"x": [7.820979020979022, 7.820979020979022, 6.981818181818183, 10.33846153846154, 6.981818181818183, 6.142657342657345, 6.981818181818183, 7.820979020979022, 6.981818181818183, 6.981818181818183, 5.443356643356645, 5.443356643356645, 7.820979020979022, 7.820979020979022, 6.142657342657345, 7.820979020979022, 8.660139860139862, 6.142657342657345, 8.660139860139862, 8.660139860139862, 6.142657342657345, 8.660139860139862, 10.33846153846154, 6.981818181818183, 7.820979020979022, 7.820979020979022, 6.981818181818183, 6.981818181818183, 4.604195804195806, 8.660139860139862, 8.660139860139862, 6.981818181818183, 6.981818181818183, 7.820979020979022, 6.142657342657345, 6.981818181818183, 6.142657342657345, 9.4993006993007, 8.660139860139862, 6.142657342657345, 9.4993006993007, 6.981818181818183, 11.177622377622379, 7.820979020979022, 6.981818181818183, 7.820979020979022, 6.142657342657345, 6.981818181818183, 6.981818181818183, 7.820979020979022, 6.981818181818183, 6.981818181818183, 7.820979020979022, 5.443356643356645, 8.660139860139862, 6.142657342657345, 7.820979020979022, 7.820979020979022, 8.660139860139862, 6.142657342657345, 6.981818181818183, 7.820979020979022, 7.820979020979022, 6.981818181818183, 6.142657342657345, 9.4993006993007, 8.660139860139862, 7.820979020979022, 6.142657342657345, 7.820979020979022, 6.142657342657345, 6.142657342657345, 6.981818181818183, 6.981818181818183, 7.820979020979022, 6.981818181818183, 7.820979020979022, 7.820979020979022, 6.981818181818183, 6.981818181818183, 7.820979020979022, 7.820979020979022, 6.981818181818183, 8.660139860139862, 8.660139860139862, 9.4993006993007, 7.820979020979022, 6.981818181818183, 7.820979020979022, 6.981818181818183, 7.820979020979022, 7.820979020979022, 7.820979020979022, 6.142657342657345, 9.4993006993007, 7.820979020979022, 7.820979020979022, 6.142657342657345, 8.660139860139862, 7.820979020979022], "y": [-43.53932584269663, -39.325842696629216, -42.69662921348314, -41.853932584269664, -41.853932584269664, -41.853932584269664, -40.168539325842694, -43.53932584269663, -44.38202247191011, -45.2247191011236, -41.01123595505618, -42.69662921348314, -44.38202247191011, -44.38202247191011, -42.69662921348314, -41.853932584269664, -40.168539325842694, -42.69662921348314, -42.69662921348314, -40.168539325842694, -41.01123595505618, -42.69662921348314, -41.853932584269664, -42.69662921348314, -42.69662921348314, -43.53932584269663, -42.69662921348314, -45.2247191011236, -41.853932584269664, -43.53932584269663, -43.53932584269663, -44.38202247191011, -42.69662921348314, -43.53932584269663, -43.53932584269663, -42.69662921348314, -41.853932584269664, -41.853932584269664, -41.01123595505618, -42.69662921348314, -42.69662921348314, -40.168539325842694, -43.53932584269663, -42.69662921348314, -42.69662921348314, -43.53932584269663, -44.38202247191011, -44.38202247191011, -40.168539325842694, -42.69662921348314, -41.01123595505618, -43.53932584269663, -41.853932584269664, -41.01123595505618, -42.69662921348314, -45.2247191011236, -45.2247191011236, -38.48314606741573, -44.38202247191011, -43.53932584269663, -44.38202247191011, -41.853932584269664, -41.01123595505618, -42.69662921348314, -41.01123595505618, -42.69662921348314, -44.38202247191011, -42.69662921348314, -41.853932584269664, -40.168539325842694, -41.853932584269664, -43.53932584269663, -44.38202247191011, -43.53932584269663, -43.53932584269663, -42.69662921348314, -43.53932584269663, -43.53932584269663, -42.69662921348314, -44.38202247191011, -42.69662921348314, -43.53932584269663, -44.38202247191011, -44.38202247191011, -43.53932584269663, -44.38202247191011, -44.38202247191011, -45.2247191011236, -41.853932584269664, -44.38202247191011, -41.853932584269664, -43.53932584269663, -43.53932584269663, -41.853932584269664, -43.53932584269663, -41.01123595505618, -44.38202247191011, -41.01123595505618, -41.853932584269664, -42.69662921348314],