{"seconds": [1698972475, 1698972475, 1698972475, 1698972475, 1698972475, 1698972475, 1698972475, 1698972475, 1698972475, 1698972476, 1698972476, 1698972476, 1698972476, 1698972476, 1698972476, 1698972476, 1698972476, 1698972476, 1698972476, 1698972477, 1698972477, 1698972477, 1698972477, 1698972477, 1698972477, 1698972477, 1698972477, 1698972477, 1698972477, 1698972478, 1698972478, 1698972478, 1698972478, 1698972478, 1698972478, 1698972478, 1698972478, 1698972478, 1698972478, 1698972479, 1698972479, 1698972479, 1698972479, 1698972479, 1698972479, 1698972479, 1698972479, 1698972479, 1698972479, 1698972480, 1698972480, 1698972480, 1698972480, 1698972480, 1698972480, 1698972480, 1698972480, 1698972480, 1698972480, 1698972481, 1698972481, 1698972481, 1698972481, 1698972481, 1698972481, 1698972481, 1698972481, 1698972481, 1698972481, 1698972482, 1698972482, 1698972482, 1698972482, 1698972482, 1698972482, 1698972482, 1698972482, 1698972482, 1698972482, 1698972483, 1698972483, 1698972483, 1698972483, 1698972483, 1698972483, 1698972483, 1698972483, 1698972483, 1698972483, 1698972484, 1698972484, 1698972484, 1698972484, 1698972484, 1698972484, 1698972484, 1698972484, 1698972484, 1698972484, 1698972485], "nanosecs": [162897760, 263887319, 363868315, 463815737, 564561094, 664648338, 764568258, 864191576, 964649681, 64613889, 164676707, 264410280, 365092427, 464389717, 562710266, 664410805, 764574666, 863614892, 964702061, 64530125, 164365623, 264370498, 364398681, 465467299, 564018704, 664264976, 763940461, 864341394, 964035904, 64294694, 164122810, 264407842, 364073981, 464715892, 564792385, 664417371, 764791150, 865462795, 964608246, 64383057, 165097715, 262711398, 362578321, 462581912, 562765481, 664289809, 764257683, 864215350, 964218653, 64175492, 163735759, 264047259, 364063939, 462735053, 562630773, 664248486, 762740717, 864016642, 964186958, 64312244, 164167095, 264076106, 364091200, 464045167, 564267177, 664074374, 762500484, 864099546, 964391089, 64727165, 164473101, 264768148, 364761116, 466514302, 565329581, 662705935, 764078700, 864067021, 963164020, 64506185, 164738872, 264573733, 364635470, 464310102, 564735828, 664429230, 764705807, 864405465, 964731969, 64558904, 164822292, 264735487, 364968432, 464331355, 564704618, 664793512, 764593905, 864827530, 964769849, 64193644], "mag": {"x": [213.67171717171715, 201.67171717171715, 207.67171717171715, 201.67171717171715, 195.67171717171715, 219.67171717171715, 201.67171717171715, 201.67171717171715, 207.67171717171715, 219.67171717171715, 213.67171717171715, 207.67171717171715, 213.67171717171715, 213.67171717171715, 201.67171717171715, 190.67171717171715, 195.67171717171715, 190.67171717171715, 195.67171717171715, 195.67171717171715, 201.67171717171715, 201.67171717171715, 201.67171717171715, 213.67171717171715, 201.67171717171715, 190.67171717171715, 195.67171717171715, 201.67171717171715, 190.67171717171715, 201.67171717171715, 195.67171717171715, 207.67171717171715, 184.67171717171715, 195.67171717171715, 195.67171717171715, 195.67171717171715, 213.67171717171715, 207.67171717171715, 207.67171717171715, 195.67171717171715, 201.67171717171715, 195.67171717171715, 207.67171717171715, 190.67171717171715, 195.67171717171715, 207.67171717171715, 195.67171717171715, 195.67171717171715, 195.67171717171715, 213.67171717171715, 225.67171717171715, 213.67171717171715, 207.67171717171715, 213.67171717171715, 201.67171717171715, 207.67171717171715, 207.67171717171715, 195.67171717171715, 201.67171717171715, 207.67171717171715, 219.67171717171715, 201.67171717171715, 190.67171717171715, 190.67171717171715, 201.67171717171715, 207.67171717171715, 195.67171717171715, 195.67171717171715, 201.67171717171715, 201.67171717171715, 213.67171717171715, 190.67171717171715, 195.67171717171715, 195.67171717171715, 195.67171717171715, 201.67171717171715, 201.67171717171715, 201.67171717171715, 195.67171717171715, 207.67171717171715, 207.67171717171715, 201.67171717171715, 201.67171717171715, 207.67171717171715, 207.67171717171715, 201.67171717171715, 201.67171717171715, 213.67171717171715, 195.67171717171715, 225.67171717171715, 190.67171717171715, 184.67171717171715, 184.67171717171715, 207.67171717171715, 195.67171717171715, 207.67171717171715, 219.67171717171715, 213.67171717171715, 195.67171717171715, 213.67171717171715], "y": [-86.74242424242425, -80.74242424242425, -86.74242424242425, -74.74242424242425, -86.74242424242425, -80.74242424242425, -62.74242424242425, -56.74242424242425, -86.74242424242425, -86.74242424242425, -74.74242424242425, -62.74242424242425, -80.74242424242425, -80.74242424242425, -92.74242424242425, -80.74242424242425, -68.74242424242425, -80.74242424242425, -80.74242424242425, -80.74242424242425, -74.74242424242425, -98.74242424242425, -56.74242424242425, -86.74242424242425, -45.74242424242425, -80.74242424242425, -74.74242424242425, -56.74242424242425, -51.74242424242425, -80.74242424242425, -86.74242424242425, -80.74242424242425, -68.74242424242425, -74.74242424242425, -74.74242424242425, -92.74242424242425, -56.74242424242425, -80.74242424242425, -74.74242424242425, -86.74242424242425, -74.74242424242425, -80.74242424242425, -74.74242424242425, -74.74242424242425, -68.74242424242425, -98.74242424242425, -74.74242424242425, -86.74242424242425, -86.74242424242425, -86.74242424242425, -104.74242424242425, -92.74242424242425, -74.74242424242425, -80.74242424242425, -92.74242424242425, -80.74242424242425, -92.74242424242425, -74.74242424242425, -74.74242424242425, -62.74242424242425, -56.74242424242425, -74.74242424242425, -86.74242424242425, -92.74242424242425, -80.74242424242425, -80.74242424242425, -68.74242424242425, -86.74242424242425, -92.74242424242425, -74.74242424242425, -74.74242424242425, -68.74242424242425, -80.74242424242425, -74.74242424242425, -86.74242424242425, -86.74242424242425, -74.74242424242425, -86.74242424242425, -74.74242424242425, -80.74242424242425, -68.74242424242425, -80.74242424242425, -80.74242424242425, -74.74242424242425, -74.74242424242425, -80.74242424242425, -68.74242424242425, -74.74242424242425, -86.74242424242425, -80.74242424242425, -74.74242424242425, -92.74242424242425, -62.74242424242425, -80.74242424242425, -68.74242424242425, -74.74242424242425, -80.74242424242425, -80.74242424242425, -80.74242424242425, -62.74242424242425],