{"seconds": [1698972537, 1698972537, 1698972537, 1698972537, 1698972537, 1698972538, 1698972538, 1698972538, 1698972538, 1698972538, 1698972538, 1698972538, 1698972538, 1698972538, 1698972538, 1698972539, 1698972539, 1698972539, 1698972539, 1698972539, 1698972539, 1698972539, 1698972539, 1698972539, 1698972539, 1698972540, 1698972540, 1698972540, 1698972540, 1698972540, 1698972540, 1698972540, 1698972540, 1698972540, 1698972541, 1698972541, 1698972541, 1698972541, 1698972541, 1698972541, 1698972541, 1698972541, 1698972541, 1698972541, 1698972542, 1698972542, 1698972542, 1698972542, 1698972542, 1698972542, 1698972542, 1698972542, 1698972542, 1698972542, 1698972543, 1698972543, 1698972543, 1698972543, 1698972543, 1698972543, 1698972543, 1698972543, 1698972543, 1698972543, 1698972544, 1698972544, 1698972544, 1698972544, 1698972544, 1698972544, 1698972544, 1698972544, 1698972545, 1698972545, 1698972545, 1698972545, 1698972545, 1698972545, 1698972545, 1698972545, 1698972545, 1698972545, 1698972546, 1698972546, 1698972546, 1698972546, 1698972546, 1698972546, 1698972546, 1698972546, 1698972546, 1698972547, 1698972547, 1698972547, 1698972547, 1698972547, 1698972547, 1698972547, 1698972547, 1698972547], "nanosecs": [565999307, 665058569, 764701046, 863652832, 963697886, 64977111, 163531375, 263710704, 363661178, 463834491, 564848599, 663971324, 763545709, 864019113, 964866350, 64617791, 163778732, 263760796, 363628972, 463620151, 563629148, 663619406, 763616584, 863648700, 964552765, 63058995, 163817736, 263765013, 363736869, 463651389, 563581402, 663835728, 763259425, 966949170, 63734109, 163748681, 264805992, 365047092, 464841990, 563643142, 663711371, 763582651, 863655880, 963756654, 64033657, 163648243, 263061493, 363557860, 464918036, 564839352, 664709601, 763612072, 863624337, 963654304, 63683264, 163776318, 263627524, 363626865, 463692021, 563554804, 664894475, 763610174, 864621882, 963389383, 63633815, 164001195, 263738396, 466042243, 563629755, 663771065, 763583876, 966035077, 63613758, 164040842, 263944942, 363358509, 463544879, 563300387, 663526991, 763643173, 864961095, 963587944, 165517311, 263989770, 365112739, 463675428, 564809161, 663602513, 763691328, 865033130, 963629193, 63691646, 163686898, 263694744, 365057999, 465056794, 564905093, 663599268, 763562776, 863583080], "mag": {"x": [195.67171717171715, 195.67171717171715, 207.67171717171715, 190.67171717171715, 201.67171717171715, 190.67171717171715, 195.67171717171715, 207.67171717171715, 201.67171717171715, 201.67171717171715, 195.67171717171715, 207.67171717171715, 195.67171717171715, 207.67171717171715, 184.67171717171715, 207.67171717171715, 201.67171717171715, 201.67171717171715, 190.67171717171715, 195.67171717171715, 184.67171717171715, 195.67171717171715, 207.67171717171715, 201.67171717171715, 207.67171717171715, 190.67171717171715, 207.67171717171715, 201.67171717171715, 201.67171717171715, 195.67171717171715, 207.67171717171715, 201.67171717171715, 195.67171717171715, 190.67171717171715, 190.67171717171715, 213.67171717171715, 184.67171717171715, 207.67171717171715, 207.67171717171715, 207.67171717171715, 190.67171717171715, 184.67171717171715, 190.67171717171715, 207.67171717171715, 195.67171717171715, 201.67171717171715, 195.67171717171715, 195.67171717171715, 201.67171717171715, 201.67171717171715, 201.67171717171715, 213.67171717171715, 195.67171717171715, 201.67171717171715, 207.67171717171715, 195.67171717171715, 207.67171717171715, 213.67171717171715, 207.67171717171715, 207.67171717171715, 207.67171717171715, 201.67171717171715, 190.67171717171715, 207.67171717171715, 213.67171717171715, 195.67171717171715, 207.67171717171715, 207.67171717171715, 195.67171717171715, 201.67171717171715, 213.67171717171715, 219.67171717171715, 201.67171717171715, 225.67171717171715, 190.67171717171715, 195.67171717171715, 195.67171717171715, 190.67171717171715, 213.67171717171715, 207.67171717171715, 207.67171717171715, 201.67171717171715, 190.67171717171715, 195.67171717171715, 207.67171717171715, 213.67171717171715, 190.67171717171715, 201.67171717171715, 201.67171717171715, 201.67171717171715, 195.67171717171715, 219.67171717171715, 201.67171717171715, 201.67171717171715, 201.67171717171715, 213.67171717171715, 195.67171717171715, 207.67171717171715, 207.67171717171715, 207.67171717171715], "y": [-98.74242424242425, -98.74242424242425, -74.74242424242425, -80.74242424242425, -92.74242424242425, -74.74242424242425, -62.74242424242425, -68.74242424242425, -92.74242424242425, -98.74242424242425, -74.74242424242425, -74.74242424242425, -80.74242424242425, -86.74242424242425, -104.74242424242425, -92.74242424242425, -80.74242424242425, -80.74242424242425, -80.74242424242425, -104.74242424242425, -98.74242424242425, -74.74242424242425, -86.74242424242425, -86.74242424242425, -80.74242424242425, -92.74242424242425, -74.74242424242425, -80.74242424242425, -74.74242424242425, -74.74242424242425, -80.74242424242425, -86.74242424242425, -104.74242424242425, -86.74242424242425, -92.74242424242425, -74.74242424242425, -74.74242424242425, -80.74242424242425, -80.74242424242425, -86.74242424242425, -68.74242424242425, -92.74242424242425, -92.74242424242425, -92.74242424242425, -80.74242424242425, -68.74242424242425, -80.74242424242425, -74.74242424242425, -62.74242424242425, -80.74242424242425, -80.74242424242425, -86.74242424242425, -80.74242424242425, -68.74242424242425, -80.74242424242425, -86.74242424242425, -98.74242424242425, -80.74242424242425, -86.74242424242425, -80.74242424242425, -74.74242424242425, -80.74242424242425, -92.74242424242425, -92.74242424242425, -92.74242424242425, -80.74242424242425, -86.74242424242425, -86.74242424242425, -80.74242424242425, -80.74242424242425, -98.74242424242425, -92.74242424242425, -92.74242424242425, -86.74242424242425, -80.74242424242425, -92.74242424242425, -92.74242424242425, -86.74242424242425, -98.74242424242425, -80.74242424242425, -98.74242424242425, -74.74242424242425, -68.74242424242425, -74.74242424242425, -68.74242424242425, -74.74242424242425, -80.74242424242425, -74.74242424242425, -68.74242424242425, -68.74242424242425, -74.74242424242425, -80.74242424242425, -98.74242424242425, -62.74242424242425, -74.74242424242425, -86.74242424242425, -80.74242424242425, -80.74242424242425, -39.74242424242425, -86.74242424242425],