{"seconds": [1698972391, 1698972391, 1698972391, 1698972391, 1698972391, 1698972391, 1698972391, 1698972392, 1698972392, 1698972392, 1698972392, 1698972392, 1698972392, 1698972392, 1698972392, 1698972393, 1698972393, 1698972393, 1698972393, 1698972393, 1698972393, 1698972393, 1698972393, 1698972393, 1698972393, 1698972394, 1698972394, 1698972394, 1698972394, 1698972394, 1698972394, 1698972394, 1698972394, 1698972394, 1698972394, 1698972395, 1698972395, 1698972395, 1698972395, 1698972395, 1698972395, 1698972395, 1698972395, 1698972395, 1698972395, 1698972396, 1698972396, 1698972396, 1698972396, 1698972396, 1698972396, 1698972396, 1698972396, 1698972396, 1698972396, 1698972397, 1698972397, 1698972397, 1698972397, 1698972397, 1698972397, 1698972397, 1698972397, 1698972397, 1698972398, 1698972398, 1698972398, 1698972398, 1698972398, 1698972398, 1698972398, 1698972398, 1698972398, 1698972398, 1698972399, 1698972399, 1698972399, 1698972399, 1698972399, 1698972399, 1698972399, 1698972399, 1698972399, 1698972399, 1698972400, 1698972400, 1698972400, 1698972400, 1698972400, 1698972400, 1698972400, 1698972400, 1698972400, 1698972401, 1698972401, 1698972401, 1698972401, 1698972401, 1698972401, 1698972401], "nanosecs": [265027645, 363111902, 464865813, 665660528, 763522596, 864632847, 964646419, 167203524, 264701954, 364859551, 464851175, 667208145, 764788923, 864987203, 965000530, 64995392, 164992032, 264995563, 365023821, 464869255, 564994917, 664822765, 764890974, 864879610, 964865665, 64850937, 164982265, 264895237, 364852268, 465144454, 564850238, 665043623, 764991739, 865067930, 965005216, 64887887, 165011422, 265006476, 365008525, 464842368, 564834954, 665060244, 763491799, 864857922, 965137462, 65045866, 165008296, 265160829, 364910650, 464967520, 564925099, 664993532, 765031430, 864976040, 965096455, 64833345, 165052635, 265002290, 467877490, 565048455, 665014960, 765100866, 865134340, 965135710, 64851022, 164899001, 263456761, 365189271, 465061466, 565160205, 665033943, 765034066, 865087335, 965041678, 65013292, 165035242, 265210114, 365032041, 465070937, 564846366, 665084240, 765845565, 864971487, 965030142, 63559664, 166858715, 263023610, 363635846, 464903270, 565197017, 763866626, 862963723, 963128226, 62977739, 164867084, 263601139, 364649982, 464567764, 565197557, 663122385], "mag": {"x": [-300.32828282828285, 201.67171717171715, 195.67171717171715, 207.67171717171715, 207.67171717171715, 213.67171717171715, 213.67171717171715, 201.67171717171715, 201.67171717171715, 195.67171717171715, 195.67171717171715, 184.67171717171715, 207.67171717171715, 201.67171717171715, 189.67171717171715, 195.67171717171715, 207.67171717171715, 190.67171717171715, 207.67171717171715, 213.67171717171715, 201.67171717171715, 207.67171717171715, 207.67171717171715, 207.67171717171715, 195.67171717171715, 213.67171717171715, 195.67171717171715, 207.67171717171715, 201.67171717171715, 201.67171717171715, 190.67171717171715, 201.67171717171715, 225.67171717171715, 178.67171717171715, 201.67171717171715, 201.67171717171715, 195.67171717171715, 207.67171717171715, 207.67171717171715, 195.67171717171715, 219.67171717171715, 189.67171717171715, 195.67171717171715, 207.67171717171715, 195.67171717171715, 207.67171717171715, 195.67171717171715, 201.67171717171715, 213.67171717171715, 207.67171717171715, 201.67171717171715, 195.67171717171715, 201.67171717171715, 231.67171717171715, 195.67171717171715, 195.67171717171715, 201.67171717171715, 195.67171717171715, 195.67171717171715, 190.67171717171715, 190.67171717171715, 207.67171717171715, 201.67171717171715, 195.67171717171715, 213.67171717171715, 195.67171717171715, 201.67171717171715, 219.67171717171715, 201.67171717171715, 195.67171717171715, 213.67171717171715, 195.67171717171715, 195.67171717171715, 213.67171717171715, 195.67171717171715, 201.67171717171715, 201.67171717171715, 207.67171717171715, 201.67171717171715, 207.67171717171715, 201.67171717171715, 195.67171717171715, 190.67171717171715, 213.67171717171715, 201.67171717171715, 201.67171717171715, 207.67171717171715, 213.67171717171715, 195.67171717171715, 201.67171717171715, 207.67171717171715, 213.67171717171715, 213.67171717171715, 195.67171717171715, 207.67171717171715, 225.67171717171715, 207.67171717171715, 207.67171717171715, 213.67171717171715, 195.67171717171715], "y": [-298.74242424242425, -80.74242424242425, -80.74242424242425, -56.74242424242425, -56.74242424242425, -80.74242424242425, -92.74242424242425, -74.74242424242425, -74.74242424242425, -92.74242424242425, -86.74242424242425, -74.74242424242425, -86.74242424242425, -86.74242424242425, -74.74242424242425, -80.74242424242425, -80.74242424242425, -92.74242424242425, -80.74242424242425, -86.74242424242425, -74.74242424242425, -86.74242424242425, -68.74242424242425, -92.74242424242425, -92.74242424242425, -74.74242424242425, -80.74242424242425, -98.74242424242425, -80.74242424242425, -74.74242424242425, -80.74242424242425, -92.74242424242425, -86.74242424242425, -68.74242424242425, -62.74242424242425, -80.74242424242425, -74.74242424242425, -92.74242424242425, -92.74242424242425, -80.74242424242425, -68.74242424242425, -80.74242424242425, -62.74242424242425, -80.74242424242425, -92.74242424242425, -98.74242424242425, -56.74242424242425, -80.74242424242425, -92.74242424242425, -86.74242424242425, -80.74242424242425, -86.74242424242425, -80.74242424242425, -62.74242424242425, -86.74242424242425, -80.74242424242425, -62.74242424242425, -74.74242424242425, -86.74242424242425, -80.74242424242425, -74.74242424242425, -86.74242424242425, -92.74242424242425, -80.74242424242425, -86.74242424242425, -80.74242424242425, -86.74242424242425, -92.74242424242425, -80.74242424242425, -86.74242424242425, -80.74242424242425, -74.74242424242425, -80.74242424242425, -92.74242424242425, -68.74242424242425, -86.74242424242425, -56.74242424242425, -74.74242424242425, -74.74242424242425, -56.74242424242425, -68.74242424242425, -80.74242424242425, -80.74242424242425, -80.74242424242425, -92.74242424242425, -62.74242424242425, -92.74242424242425, -92.74242424242425, -68.74242424242425, -62.74242424242425, -86.74242424242425, -86.74242424242425, -74.74242424242425, -80.74242424242425, -74.74242424242425, -68.74242424242425, -86.74242424242425, -80.74242424242425, -80.74242424242425, -86.74242424242425],