{"seconds": [1698972829, 1698972829, 1698972829, 1698972830, 1698972830, 1698972830, 1698972830, 1698972830, 1698972830, 1698972830, 1698972830, 1698972830, 1698972830, 1698972831, 1698972831, 1698972831, 1698972831, 1698972831, 1698972831, 1698972831, 1698972831, 1698972831, 1698972831, 1698972832, 1698972832, 1698972832, 1698972832, 1698972832, 1698972832, 1698972832, 1698972832, 1698972832, 1698972832, 1698972833, 1698972833, 1698972833, 1698972833, 1698972833, 1698972833, 1698972833, 1698972833, 1698972833, 1698972833, 1698972834, 1698972834, 1698972834, 1698972834, 1698972834, 1698972834, 1698972834, 1698972834, 1698972835, 1698972835, 1698972835, 1698972835, 1698972835, 1698972835, 1698972835, 1698972835, 1698972835, 1698972835, 1698972836, 1698972836, 1698972836, 1698972836, 1698972836, 1698972836, 1698972836, 1698972836, 1698972836, 1698972836, 1698972837, 1698972837, 1698972837, 1698972837, 1698972837, 1698972837, 1698972837, 1698972837, 1698972837, 1698972837, 1698972838, 1698972838, 1698972838, 1698972838, 1698972838, 1698972838, 1698972838, 1698972838, 1698972838, 1698972838, 1698972839, 1698972839, 1698972839, 1698972839, 1698972839, 1698972839, 1698972839, 1698972839, 1698972839], "nanosecs": [704292246, 806122209, 906020692, 5192633, 106429801, 210278379, 304161686, 404121105, 505432212, 606159037, 706259717, 804754741, 906517933, 6197123, 104386946, 204410409, 304337994, 405078044, 505193251, 604149071, 704553555, 808105678, 904499307, 6403554, 105931550, 203373207, 305884098, 404338809, 504329122, 605028628, 706049234, 805596718, 905935291, 6456663, 105561363, 205645583, 305861665, 404127169, 505308334, 604594536, 705093772, 805797396, 904957384, 108173227, 206457833, 306319327, 508001788, 606281851, 705432980, 806300202, 906423818, 4667342, 105304002, 206191853, 306060953, 404602888, 505202392, 603397967, 704177724, 804521132, 904811031, 4699172, 104215835, 204531452, 305183919, 404091973, 504188946, 605556715, 705393207, 803195182, 904840333, 4886746, 104963192, 204880490, 304891483, 404766587, 504706705, 604778520, 704201818, 804762404, 904761442, 4727702, 104861524, 204844616, 304802090, 404979388, 504732168, 604924533, 704705987, 804672809, 905253692, 4299749, 118317416, 204508711, 303211075, 406155649, 505216560, 606886463, 704967981, 804523697], "mag": {"x": [675.9200000000001, 663.9200000000001, 675.9200000000001, 675.9200000000001, 669.9200000000001, 669.9200000000001, 675.9200000000001, 669.9200000000001, 663.9200000000001, 669.9200000000001, 663.9200000000001, 675.9200000000001, 675.9200000000001, 675.9200000000001, 663.9200000000001, 681.9200000000001, 669.9200000000001, 658.9200000000001, 675.9200000000001, 658.9200000000001, 663.9200000000001, 669.9200000000001, 663.9200000000001, 663.9200000000001, 669.9200000000001, 687.9200000000001, 657.9200000000001, 663.9200000000001, 663.9200000000001, 658.9200000000001, 675.9200000000001, 675.9200000000001, 687.9200000000001, 669.9200000000001, 675.9200000000001, 669.9200000000001, 669.9200000000001, 681.9200000000001, 675.9200000000001, 675.9200000000001, 663.9200000000001, 669.9200000000001, 669.9200000000001, 669.9200000000001, 663.9200000000001, 669.9200000000001, 669.9200000000001, 681.9200000000001, 669.9200000000001, 681.9200000000001, 669.9200000000001, 675.9200000000001, 669.9200000000001, 669.9200000000001, 669.9200000000001, 658.9200000000001, 675.9200000000001, 663.9200000000001, 658.9200000000001, 658.9200000000001, 681.9200000000001, 657.9200000000001, 652.9200000000001, 669.9200000000001, 675.9200000000001, 658.9200000000001, 669.9200000000001, 658.9200000000001, 657.9200000000001, 669.9200000000001, 675.9200000000001, 681.9200000000001, 675.9200000000001, 663.9200000000001, 663.9200000000001, 681.9200000000001, 669.9200000000001, 675.9200000000001, 663.9200000000001, 669.9200000000001, 669.9200000000001, 669.9200000000001, 652.9200000000001, 663.9200000000001, 669.9200000000001, 652.9200000000001, 675.9200000000001, 663.9200000000001, 652.9200000000001, 675.9200000000001, 681.9200000000001, 663.9200000000001, 669.9200000000001, 669.9200000000001, 658.9200000000001, 646.9200000000001, 663.9200000000001, 675.9200000000001, 675.9200000000001, 658.9200000000001], "y": [38.0, 33.0, 27.0, 27.0, 44.0, 44.0, 38.0, 33.0, 33.0, 33.0, 44.0, 38.0, 27.0, 33.0, 44.0, 50.0, 38.0, 27.0, 38.0, 44.0, 38.0, 33.0, 44.0, 38.0, 44.0, 38.0, 33.0, 38.0, 33.0, 38.0, 33.0, 38.0, 44.0, 56.0, 56.0, 27.0, 33.0, 38.0, 33.0, 38.0, 44.0, 33.0, 27.0, 33.0, 44.0, 38.0, 50.0, 27.0, 50.0, 33.0, 44.0, 44.0, 38.0, 33.0, 33.0, 38.0, 38.0, 33.0, 38.0, 44.0, 27.0, 44.0, 38.0, 38.0, 27.0, 33.0, 50.0, 38.0, 38.0, 38.0, 50.0, 44.0, 38.0, 33.0, 33.0, 27.0, 38.0, 33.0, 33.0, 38.0, 27.0, 50.0, 38.0, 33.0, 33.0, 44.0, 38.0, 38.0, 15.0, 15.0, 27.0, 44.0, 27.0, 44.0, 38.0, 44.0, 38.0, 38.0, 38.0, 44.0], "z": [-143.0, -155.0, -173.0, -143.0, -142.0, -155.0, -136.0, -130.0, -149.0, -143.0, -155.0, -155.0, -155.0, -143.0, -155.0, -130.0, -155.0, -142.0, -149.0, -161.0, -143.0, -149.0, -149.0, -161.0, -161.0, -142.0, -136.0, -149.0, -155.0, -155.0, -173.0, -143.0, -142.0, -161.0, -149.0, -143.0, -112.0, -142.0, -136.0, -142.0, -155.0, -155.0, -161.0, -155.0, -161.0, -155.0, -155.0, -130.0, -149.0, -161.0, -161.0, -142.0, -161.0, -143.0, -149.0, -155.0, -161.0, -149.0, -142.0, -149.0, -143.0, -136.0, -143.0, -143.0, -161.0, -142.0, -142.0, -155.0, -143.0, -155.0, -155.0, -155.0, -161.0, -136.0, -143.0, -142.0, -143.0, -142.0, -167.0, -149.0, -161.0, -149.0, -167.0, -149.0, -155.0, -142.0, -149.0, -155.0, -161.0, -149.0, -155.0, -155.0, -142.0, -149.0, -142.0, -155.0, -155.0, -142.0, -161.0, -136.0]}}