{"seconds": [1698972964, 1698972965, 1698972965, 1698972965, 1698972965, 1698972965, 1698972965, 1698972965, 1698972965, 1698972965, 1698972965, 1698972966, 1698972966, 1698972966, 1698972966, 1698972966, 1698972966, 1698972966, 1698972966, 1698972967, 1698972967, 1698972967, 1698972967, 1698972967, 1698972967, 1698972967, 1698972967, 1698972967, 1698972968, 1698972968, 1698972968, 1698972968, 1698972968, 1698972968, 1698972968, 1698972968, 1698972968, 1698972968, 1698972969, 1698972969, 1698972969, 1698972969, 1698972969, 1698972969, 1698972969, 1698972969, 1698972969, 1698972969, 1698972970, 1698972970, 1698972970, 1698972970, 1698972970, 1698972970, 1698972970, 1698972970, 1698972970, 1698972970, 1698972971, 1698972971, 1698972971, 1698972971, 1698972971, 1698972971, 1698972971, 1698972971, 1698972971, 1698972971, 1698972972, 1698972972, 1698972972, 1698972972, 1698972972, 1698972972, 1698972972, 1698972972, 1698972972, 1698972972, 1698972973, 1698972973, 1698972973, 1698972973, 1698972973, 1698972973, 1698972973, 1698972973, 1698972973, 1698972973, 1698972974, 1698972974, 1698972974, 1698972974, 1698972974, 1698972974, 1698972974, 1698972974, 1698972974, 1698972974, 1698972975, 1698972975], "nanosecs": [708062916, 13320147, 108293549, 208243914, 307941990, 408083004, 508063423, 608089341, 708083842, 808080716, 908078523, 111457479, 207998357, 307898599, 408093036, 611572879, 709666612, 807940054, 908001059, 8233350, 108089140, 311544799, 408084403, 508102276, 608107716, 708067764, 808032836, 908142992, 8184977, 108112265, 208013041, 308137802, 408122570, 508407878, 608351911, 708115978, 808400969, 908075030, 8273223, 107906658, 208039940, 309278424, 408183176, 508131096, 608096965, 707865575, 808112333, 908125873, 8031818, 108125653, 208094276, 307747587, 408139764, 508139294, 608176319, 708122774, 808113835, 908098380, 8120835, 108100726, 208023703, 308094587, 408252103, 507940012, 608117173, 707887000, 808133733, 908133218, 8124951, 106438721, 208013249, 308050576, 408032566, 508154080, 608023804, 708028483, 808139874, 908147240, 8152335, 108115497, 208109092, 306607630, 408122579, 508144052, 608093619, 708088247, 808114605, 906930703, 8045097, 108013077, 208074414, 308042390, 408043515, 508089752, 608078732, 708106690, 808300066, 908094224, 8041382, 108325662], "mag": {"x": [-99.45174825174824, -100.29090909090908, -96.93426573426572, -96.93426573426572, -96.09510489510488, -96.23496503496501, -99.45174825174824, -98.6125874125874, -98.6125874125874, -95.39580419580417, -99.45174825174824, -97.77342657342656, -97.77342657342656, -96.23496503496501, -96.23496503496501, -99.45174825174824, -97.77342657342656, -99.45174825174824, -99.45174825174824, -96.93426573426572, -98.6125874125874, -97.77342657342656, -98.6125874125874, -96.93426573426572, -97.77342657342656, -96.93426573426572, -98.6125874125874, -98.6125874125874, -96.93426573426572, -96.23496503496501, -99.45174825174824, -98.6125874125874, -97.77342657342656, -97.77342657342656, -98.6125874125874, -96.93426573426572, -94.55664335664335, -99.45174825174824, -96.93426573426572, -97.77342657342656, -96.09510489510488, -96.93426573426572, -96.23496503496501, -96.93426573426572, -99.45174825174824, -97.77342657342656, -96.23496503496501, -97.77342657342656, -98.6125874125874, -95.39580419580417, -96.93426573426572, -96.93426573426572, -97.77342657342656, -96.93426573426572, -98.6125874125874, -96.93426573426572, -96.09510489510488, -96.93426573426572, -96.93426573426572, -97.77342657342656, -96.23496503496501, -95.39580419580417, -97.77342657342656, -96.93426573426572, -97.77342657342656, -97.77342657342656, -98.6125874125874, -96.23496503496501, -96.23496503496501, -97.77342657342656, -99.45174825174824, -95.39580419580417, -97.77342657342656, -96.93426573426572, -96.23496503496501, -97.77342657342656, -96.93426573426572, -95.39580419580417, -96.09510489510488, -97.77342657342656, -96.93426573426572, -98.6125874125874, -96.93426573426572, -99.45174825174824, -98.6125874125874, -97.77342657342656, -96.93426573426572, -95.39580419580417, -96.93426573426572, -96.93426573426572, -97.77342657342656, -98.6125874125874, -98.6125874125874, -97.77342657342656, -98.6125874125874, -96.23496503496501, -96.23496503496501, -96.09510489510488, -96.93426573426572, -97.77342657342656], "y": [6.179775280898876, 6.179775280898876, 2.9494382022471908, 7.022471910112359, 2.9494382022471908, 5.337078651685393, 2.9494382022471908, 3.651685393258427, 5.337078651685393, 5.337078651685393, 2.9494382022471908, 2.9494382022471908, 2.9494382022471908, 6.179775280898876, 2.106741573033708, 2.106741573033708, 7.022471910112359, 7.022471910112359, 3.792134831460674, 3.792134831460674, 5.337078651685393, 8.707865168539326, 4.49438202247191, 5.337078651685393, 2.9494382022471908, 2.106741573033708, 7.022471910112359, 4.49438202247191, 2.106741573033708, 3.792134831460674, 1.2640449438202248, 6.179775280898876, 2.9494382022471908, 2.106741573033708, 2.9494382022471908, 4.49438202247191, 5.337078651685393, 2.106741573033708, 0.42134831460674155, 3.792134831460674, 2.9494382022471908, 2.9494382022471908, 3.792134831460674, 4.49438202247191, 3.792134831460674, 4.49438202247191, 4.49438202247191, 4.49438202247191, 2.9494382022471908, 1.2640449438202248, 5.337078651685393, 2.106741573033708, 3.792134831460674, 4.49438202247191, 1.2640449438202248, 5.337078651685393, 3.792134831460674, 2.9494382022471908, 2.106741573033708, 2.9494382022471908, 3.792134831460674, 6.179775280898876, 6.179775280898876, 2.9494382022471908, 2.106741573033708, 1.2640449438202248, 2.106741573033708, 3.792134831460674, 1.2640449438202248, 2.9494382022471908, 4.49438202247191, 2.9494382022471908, 3.792134831460674, 2.106741573033708, 5.337078651685393, 3.792134831460674, 2.9494382022471908, 3.792134831460674, 6.179775280898876, 1.2640449438202248, 4.49438202247191, 5.337078651685393, 5.337078651685393, 2.9494382022471908, 2.9494382022471908, 6.179775280898876, 6.179775280898876, 3.792134831460674, 3.792134831460674, 5.337078651685393, 7.022471910112359, 2.106741573033708, 3.792134831460674, 3.792134831460674, 5.337078651685393, 2.9494382022471908, 2.9494382022471908, 5.337078651685393, 3.792134831460674, 6.179775280898876],