{"seconds": [1698973006, 1698973006, 1698973006, 1698973006, 1698973006, 1698973006, 1698973006, 1698973006, 1698973007, 1698973007, 1698973007, 1698973007, 1698973007, 1698973007, 1698973007, 1698973007, 1698973008, 1698973008, 1698973008, 1698973008, 1698973008, 1698973008, 1698973008, 1698973008, 1698973008, 1698973009, 1698973009, 1698973009, 1698973009, 1698973009, 1698973009, 1698973009, 1698973009, 1698973009, 1698973009, 1698973010, 1698973010, 1698973010, 1698973010, 1698973010, 1698973010, 1698973010, 1698973010, 1698973010, 1698973011, 1698973011, 1698973011, 1698973011, 1698973011, 1698973011, 1698973011, 1698973011, 1698973011, 1698973012, 1698973012, 1698973012, 1698973012, 1698973012, 1698973012, 1698973012, 1698973013, 1698973013, 1698973013, 1698973013, 1698973013, 1698973013, 1698973013, 1698973013, 1698973013, 1698973013, 1698973014, 1698973014, 1698973014, 1698973014, 1698973014, 1698973014, 1698973014, 1698973014, 1698973014, 1698973014, 1698973015, 1698973015, 1698973015, 1698973015, 1698973015, 1698973015, 1698973015, 1698973015, 1698973015, 1698973016, 1698973016, 1698973016, 1698973016, 1698973016, 1698973016, 1698973016, 1698973016, 1698973017, 1698973017, 1698973017], "nanosecs": [208492849, 307595112, 408464886, 508397915, 608553001, 708508594, 808528646, 908511307, 8413591, 108508809, 208504155, 308512488, 408491814, 508518975, 814438703, 908431186, 7858438, 106827832, 207873307, 306387470, 406795206, 506864737, 606397109, 809573661, 908655630, 8323918, 106582247, 208111468, 308741037, 407641567, 508584449, 608418559, 708566428, 806979908, 908139859, 8518774, 210674791, 308669959, 408612692, 507425615, 606876946, 708574283, 808466351, 908773956, 7104178, 106554085, 208413842, 308553207, 408562291, 508295536, 710533119, 808475890, 907902270, 7863828, 107802946, 510515178, 608680009, 707518944, 808201150, 908628661, 7572573, 108550710, 207657878, 308532358, 408621101, 508581780, 608697795, 708587851, 806811581, 908526422, 8493381, 108625775, 208477716, 308864545, 422602525, 506856746, 608579961, 708642145, 808679037, 908510496, 8718874, 108632450, 208603738, 308506731, 510709875, 608662454, 708359978, 807399835, 908584698, 8615416, 108481097, 207636609, 308472797, 408603460, 508604567, 608591060, 809673195, 9342502, 106643126, 311435531], "mag": {"x": [6.142657342657345, 7.820979020979022, 7.820979020979022, 3.765034965034967, 7.820979020979022, 8.660139860139862, 7.820979020979022, 6.981818181818183, 7.820979020979022, 7.820979020979022, 6.981818181818183, 6.981818181818183, 5.443356643356645, 8.660139860139862, 7.820979020979022, 9.4993006993007, 9.4993006993007, 7.820979020979022, 7.820979020979022, 6.142657342657345, 7.820979020979022, 7.820979020979022, 7.820979020979022, 8.660139860139862, 7.820979020979022, 9.4993006993007, 7.820979020979022, 7.820979020979022, 7.820979020979022, 6.981818181818183, 6.142657342657345, 6.981818181818183, 5.443356643356645, 7.820979020979022, 6.981818181818183, 6.981818181818183, 7.820979020979022, 6.981818181818183, 7.820979020979022, 8.660139860139862, 9.4993006993007, 6.142657342657345, 7.820979020979022, 6.142657342657345, 7.820979020979022, 6.981818181818183, 6.981818181818183, 6.981818181818183, 6.981818181818183, 9.4993006993007, 8.660139860139862, 9.4993006993007, 6.142657342657345, 6.981818181818183, 7.820979020979022, 7.820979020979022, 7.820979020979022, 9.4993006993007, 8.660139860139862, 7.820979020979022, 7.820979020979022, 9.4993006993007, 6.981818181818183, 6.981818181818183, 3.765034965034967, 6.981818181818183, 6.981818181818183, 10.33846153846154, 6.142657342657345, 6.142657342657345, 8.660139860139862, 6.981818181818183, 7.820979020979022, 8.660139860139862, 6.981818181818183, 6.981818181818183, 7.820979020979022, 9.4993006993007, 6.981818181818183, 8.660139860139862, 7.820979020979022, 7.820979020979022, 6.981818181818183, 7.820979020979022, 6.981818181818183, 8.660139860139862, 6.142657342657345, 8.660139860139862, 8.660139860139862, 8.660139860139862, 8.660139860139862, 6.142657342657345, 7.820979020979022, 8.660139860139862, 7.820979020979022, 7.820979020979022, 6.981818181818183, 6.142657342657345, 8.660139860139862, 7.820979020979022], "y": [-41.853932584269664, -43.53932584269663, -41.853932584269664, -42.69662921348314, -40.168539325842694, -41.01123595505618, -42.69662921348314, -40.168539325842694, -41.01123595505618, -44.38202247191011, -42.69662921348314, -43.53932584269663, -40.168539325842694, -42.69662921348314, -42.69662921348314, -42.69662921348314, -44.38202247191011, -42.69662921348314, -41.853932584269664, -42.69662921348314, -42.69662921348314, -43.53932584269663, -43.53932584269663, -42.69662921348314, -43.53932584269663, -44.38202247191011, -43.53932584269663, -44.38202247191011, -42.69662921348314, -44.38202247191011, -43.53932584269663, -41.853932584269664, -45.2247191011236, -41.853932584269664, -44.38202247191011, -43.53932584269663, -45.2247191011236, -44.38202247191011, -42.69662921348314, -43.53932584269663, -42.69662921348314, -43.53932584269663, -42.69662921348314, -42.69662921348314, -44.38202247191011, -43.53932584269663, -45.2247191011236, -41.01123595505618, -41.853932584269664, -43.53932584269663, -41.01123595505618, -42.69662921348314, -44.38202247191011, -41.853932584269664, -42.69662921348314, -41.853932584269664, -41.01123595505618, -41.01123595505618, -41.853932584269664, -39.325842696629216, -41.01123595505618, -41.01123595505618, -40.168539325842694, -42.69662921348314, -40.168539325842694, -45.2247191011236, -45.2247191011236, -41.01123595505618, -41.01123595505618, -42.69662921348314, -43.53932584269663, -42.69662921348314, -41.01123595505618, -41.853932584269664, -43.53932584269663, -43.53932584269663, -43.53932584269663, -40.168539325842694, -43.53932584269663, -42.69662921348314, -41.853932584269664, -43.53932584269663, -42.69662921348314, -41.853932584269664, -42.69662921348314, -43.53932584269663, -41.01123595505618, -44.38202247191011, -42.69662921348314, -43.53932584269663, -43.53932584269663, -42.69662921348314, -42.69662921348314, -42.69662921348314, -41.01123595505618, -43.53932584269663, -45.2247191011236, -42.69662921348314, -42.69662921348314, -43.53932584269663],