{"seconds": [1698972485, 1698972485, 1698972485, 1698972485, 1698972485, 1698972485, 1698972485, 1698972485, 1698972485, 1698972486, 1698972486, 1698972486, 1698972486, 1698972486, 1698972486, 1698972486, 1698972486, 1698972486, 1698972486, 1698972487, 1698972487, 1698972487, 1698972487, 1698972487, 1698972487, 1698972487, 1698972487, 1698972488, 1698972488, 1698972488, 1698972488, 1698972488, 1698972488, 1698972488, 1698972488, 1698972488, 1698972489, 1698972489, 1698972489, 1698972489, 1698972489, 1698972489, 1698972489, 1698972489, 1698972489, 1698972489, 1698972490, 1698972490, 1698972490, 1698972490, 1698972490, 1698972490, 1698972490, 1698972490, 1698972490, 1698972490, 1698972491, 1698972491, 1698972491, 1698972491, 1698972491, 1698972491, 1698972491, 1698972491, 1698972491, 1698972491, 1698972492, 1698972492, 1698972492, 1698972492, 1698972492, 1698972492, 1698972492, 1698972492, 1698972492, 1698972493, 1698972493, 1698972493, 1698972493, 1698972493, 1698972493, 1698972493, 1698972493, 1698972493, 1698972493, 1698972494, 1698972494, 1698972494, 1698972494, 1698972494, 1698972494, 1698972494, 1698972494, 1698972494, 1698972494, 1698972495, 1698972495, 1698972495, 1698972495, 1698972495], "nanosecs": [164120538, 264800393, 365222817, 464803507, 564649582, 664646359, 764332810, 864443855, 964423504, 64605868, 164850829, 264461840, 364849122, 464605780, 564392285, 664601195, 764524569, 864687913, 964666397, 166649937, 264570481, 364444325, 464584091, 666604784, 763194528, 864495572, 964071564, 64644995, 165827647, 264718821, 364685054, 464707284, 666333725, 764459867, 864379920, 963033451, 64264032, 164745845, 264324284, 364452073, 464375180, 564473233, 664672126, 764663831, 864279239, 964480105, 64667413, 164451909, 264575977, 364413020, 464536091, 564471938, 664456472, 764126464, 864667655, 964844966, 64740653, 164685098, 264558145, 364685097, 464835189, 564684242, 664625838, 764396584, 864375859, 964560411, 64556369, 164407046, 264429161, 364465259, 464319864, 666041502, 764739331, 864733595, 964574985, 64727359, 164545335, 264473591, 364649495, 464701075, 564503883, 664570349, 765028274, 863042009, 962545883, 62909587, 163003171, 262931598, 363022664, 464491125, 564741173, 664655591, 764890152, 864678697, 964441300, 64819037, 164657838, 264379649, 364970721, 464459908], "mag": {"x": [207.67171717171715, 207.67171717171715, 213.67171717171715, 190.67171717171715, 201.67171717171715, 219.67171717171715, 213.67171717171715, 201.67171717171715, 190.67171717171715, 207.67171717171715, 201.67171717171715, 201.67171717171715, 195.67171717171715, 195.67171717171715, 201.67171717171715, 190.67171717171715, 201.67171717171715, 201.67171717171715, 219.67171717171715, 195.67171717171715, 213.67171717171715, 213.67171717171715, 201.67171717171715, 195.67171717171715, 195.67171717171715, 195.67171717171715, 201.67171717171715, 195.67171717171715, 195.67171717171715, 190.67171717171715, 207.67171717171715, 207.67171717171715, 195.67171717171715, 195.67171717171715, 201.67171717171715, 195.67171717171715, 201.67171717171715, 213.67171717171715, 207.67171717171715, 219.67171717171715, 201.67171717171715, 201.67171717171715, 207.67171717171715, 195.67171717171715, 195.67171717171715, 201.67171717171715, 213.67171717171715, 213.67171717171715, 195.67171717171715, 195.67171717171715, 201.67171717171715, 207.67171717171715, 207.67171717171715, 201.67171717171715, 207.67171717171715, 201.67171717171715, 201.67171717171715, 195.67171717171715, 207.67171717171715, 190.67171717171715, 195.67171717171715, 201.67171717171715, 201.67171717171715, 207.67171717171715, 201.67171717171715, 195.67171717171715, 201.67171717171715, 213.67171717171715, 207.67171717171715, 213.67171717171715, 201.67171717171715, 195.67171717171715, 190.67171717171715, 201.67171717171715, 207.67171717171715, 207.67171717171715, 201.67171717171715, 207.67171717171715, 201.67171717171715, 207.67171717171715, 195.67171717171715, 201.67171717171715, 207.67171717171715, 190.67171717171715, 201.67171717171715, 201.67171717171715, 195.67171717171715, 195.67171717171715, 195.67171717171715, 195.67171717171715, 195.67171717171715, 213.67171717171715, 201.67171717171715, 207.67171717171715, 207.67171717171715, 201.67171717171715, 201.67171717171715, 201.67171717171715, 195.67171717171715, 201.67171717171715], "y": [-104.74242424242425, -92.74242424242425, -92.74242424242425, -68.74242424242425, -62.74242424242425, -92.74242424242425, -86.74242424242425, -68.74242424242425, -86.74242424242425, -86.74242424242425, -80.74242424242425, -68.74242424242425, -86.74242424242425, -80.74242424242425, -86.74242424242425, -74.74242424242425, -86.74242424242425, -74.74242424242425, -86.74242424242425, -86.74242424242425, -80.74242424242425, -68.74242424242425, -62.74242424242425, -86.74242424242425, -86.74242424242425, -74.74242424242425, -80.74242424242425, -62.74242424242425, -74.74242424242425, -68.74242424242425, -80.74242424242425, -74.74242424242425, -74.74242424242425, -74.74242424242425, -74.74242424242425, -62.74242424242425, -86.74242424242425, -74.74242424242425, -68.74242424242425, -56.74242424242425, -98.74242424242425, -80.74242424242425, -86.74242424242425, -104.74242424242425, -80.74242424242425, -92.74242424242425, -86.74242424242425, -74.74242424242425, -86.74242424242425, -86.74242424242425, -86.74242424242425, -92.74242424242425, -98.74242424242425, -80.74242424242425, -80.74242424242425, -92.74242424242425, -86.74242424242425, -98.74242424242425, -86.74242424242425, -92.74242424242425, -68.74242424242425, -80.74242424242425, -104.74242424242425, -74.74242424242425, -80.74242424242425, -92.74242424242425, -92.74242424242425, -86.74242424242425, -86.74242424242425, -80.74242424242425, -80.74242424242425, -92.74242424242425, -80.74242424242425, -80.74242424242425, -86.74242424242425, -86.74242424242425, -86.74242424242425, -86.74242424242425, -74.74242424242425, -74.74242424242425, -86.74242424242425, -74.74242424242425, -74.74242424242425, -80.74242424242425, -80.74242424242425, -80.74242424242425, -80.74242424242425, -92.74242424242425, -86.74242424242425, -74.74242424242425, -86.74242424242425, -98.74242424242425, -74.74242424242425, -98.74242424242425, -68.74242424242425, -74.74242424242425, -86.74242424242425, -74.74242424242425, -68.74242424242425, -86.74242424242425],