{"seconds": [1698972975, 1698972975, 1698972975, 1698972975, 1698972975, 1698972975, 1698972975, 1698972975, 1698972976, 1698972976, 1698972976, 1698972976, 1698972976, 1698972976, 1698972976, 1698972976, 1698972976, 1698972977, 1698972977, 1698972977, 1698972977, 1698972977, 1698972977, 1698972977, 1698972977, 1698972977, 1698972977, 1698972978, 1698972978, 1698972978, 1698972978, 1698972978, 1698972978, 1698972978, 1698972978, 1698972978, 1698972979, 1698972979, 1698972979, 1698972979, 1698972979, 1698972979, 1698972979, 1698972979, 1698972979, 1698972979, 1698972980, 1698972980, 1698972980, 1698972980, 1698972980, 1698972980, 1698972980, 1698972980, 1698972980, 1698972980, 1698972981, 1698972981, 1698972981, 1698972981, 1698972981, 1698972981, 1698972981, 1698972981, 1698972981, 1698972981, 1698972982, 1698972982, 1698972982, 1698972982, 1698972982, 1698972982, 1698972982, 1698972982, 1698972982, 1698972982, 1698972983, 1698972983, 1698972983, 1698972983, 1698972983, 1698972983, 1698972983, 1698972983, 1698972983, 1698972984, 1698972984, 1698972984, 1698972984, 1698972984, 1698972984, 1698972984, 1698972984, 1698972984, 1698972984, 1698972985, 1698972985, 1698972985, 1698972985, 1698972985], "nanosecs": [208000395, 308103410, 408105846, 508174439, 608052175, 707978257, 808070101, 908099604, 8040368, 108083189, 208039021, 306498130, 406567551, 508521108, 608088494, 708085807, 910444980, 8145984, 108124856, 208306438, 308141032, 408138461, 508170103, 608081425, 708102130, 808026259, 908035431, 110435269, 208059765, 308167919, 408221599, 508116405, 608243722, 708349995, 808441218, 908193779, 8129327, 108103537, 208100946, 308251494, 408008343, 508178211, 608115216, 708062164, 808111543, 906807843, 8068088, 108067253, 208076146, 308286481, 408038767, 508075822, 608037977, 708051567, 808034890, 908040184, 8099212, 107947127, 208075569, 308063876, 408069814, 508060758, 608040903, 707985982, 808058328, 907971838, 8021915, 108269979, 208206371, 308211414, 408067478, 508182590, 608194690, 708194806, 808190161, 908188751, 8130839, 108212834, 208170522, 308067084, 407860552, 507395841, 608032136, 708106709, 808091256, 10497499, 107952920, 208146688, 308077079, 406682704, 508098356, 608136496, 707952018, 808149391, 908071799, 8037446, 108069955, 208264992, 307938214, 408280264], "mag": {"x": [-100.29090909090908, -96.93426573426572, -98.6125874125874, -97.77342657342656, -97.77342657342656, -95.39580419580417, -96.93426573426572, -96.93426573426572, -98.6125874125874, -97.77342657342656, -95.39580419580417, -98.6125874125874, -99.45174825174824, -96.93426573426572, -95.39580419580417, -96.23496503496501, -96.23496503496501, -97.77342657342656, -97.77342657342656, -97.77342657342656, -95.39580419580417, -87.84335664335663, -53.297902097902096, -18.61258741258741, 12.01678321678322, 40.82797202797203, 64.04475524475524, 65.58321678321678, 65.58321678321678, 66.42237762237762, 72.2965034965035, 65.58321678321678, 57.33146853146853, 48.24055944055944, 46.702097902097904, 32.57622377622378, 34.25454545454546, 35.0937062937063, 43.345454545454544, 43.345454545454544, 41.667132867132864, 42.506293706293704, 43.345454545454544, 44.184615384615384, 43.345454545454544, 43.345454545454544, 43.345454545454544, 41.667132867132864, 42.506293706293704, 45.023776223776224, 39.98881118881119, 42.506293706293704, 40.82797202797203, 40.82797202797203, 41.667132867132864, 42.506293706293704, 41.667132867132864, 42.506293706293704, 41.667132867132864, 41.667132867132864, 41.667132867132864, 42.506293706293704, 40.82797202797203, 39.28951048951049, 41.667132867132864, 41.667132867132864, 41.667132867132864, 43.345454545454544, 41.667132867132864, 41.667132867132864, 42.506293706293704, 41.667132867132864, 39.98881118881119, 42.506293706293704, 39.28951048951049, 40.82797202797203, 40.82797202797203, 41.667132867132864, 41.667132867132864, 40.82797202797203, 44.184615384615384, 41.667132867132864, 42.506293706293704, 39.98881118881119, 41.667132867132864, 42.506293706293704, 42.506293706293704, 40.82797202797203, 42.506293706293704, 41.667132867132864, 42.506293706293704, 42.506293706293704, 41.667132867132864, 40.82797202797203, 41.667132867132864, 42.506293706293704, 41.667132867132864, 41.667132867132864, 43.345454545454544, 40.82797202797203], "y": [2.106741573033708, 4.49438202247191, 3.792134831460674, 2.9494382022471908, 3.792134831460674, 6.179775280898876, 2.9494382022471908, 4.49438202247191, 3.792134831460674, 5.337078651685393, 2.106741573033708, 2.106741573033708, 4.49438202247191, 3.792134831460674, 2.9494382022471908, 2.106741573033708, 5.337078651685393, 3.792134831460674, 4.49438202247191, 3.792134831460674, 2.9494382022471908, 11.235955056179774, 22.752808988764045, 18.679775280898877, 4.49438202247191, -7.022471910112359, -16.151685393258425, -34.41011235955056, -34.41011235955056, -41.853932584269664, -34.41011235955056, -31.039325842696627, -23.595505617977526, -12.078651685393258, -12.780898876404494, -14.46629213483146, -8.707865168539326, -6.179775280898876, 1.2640449438202248, 2.106741573033708, 2.106741573033708, 0.42134831460674155, 0.42134831460674155, 2.106741573033708, 0.42134831460674155, -0.42134831460674155, 2.106741573033708, -2.9494382022471908, 4.49438202247191, 2.106741573033708, 3.792134831460674, 4.49438202247191, 4.49438202247191, 7.022471910112359, 6.179775280898876, 5.337078651685393, 5.337078651685393, 6.179775280898876, 3.792134831460674, 6.179775280898876, 7.022471910112359, 7.865168539325842, 5.337078651685393, 7.865168539325842, 7.022471910112359, 6.179775280898876, 6.179775280898876, 5.337078651685393, 7.865168539325842, 6.179775280898876, 7.022471910112359, 7.865168539325842, 6.179775280898876, 7.865168539325842, 7.022471910112359, 5.337078651685393, 8.707865168539326, 7.022471910112359, 7.022471910112359, 6.179775280898876, 8.707865168539326, 10.393258426966291, 6.179775280898876, 6.179775280898876, 10.393258426966291, 8.707865168539326, 6.179775280898876, 9.55056179775281, 7.865168539325842, 8.707865168539326, 8.707865168539326, 7.022471910112359, 7.022471910112359, 7.022471910112359, 7.022471910112359, 7.022471910112359, 6.179775280898876, 5.337078651685393, 6.179775280898876, 7.022471910112359],