{"seconds": [1698972757, 1698972757, 1698972757, 1698972757, 1698972758, 1698972758, 1698972758, 1698972758, 1698972758, 1698972758, 1698972758, 1698972758, 1698972758, 1698972759, 1698972759, 1698972759, 1698972759, 1698972759, 1698972759, 1698972759, 1698972759, 1698972759, 1698972759, 1698972760, 1698972760, 1698972760, 1698972760, 1698972760, 1698972760, 1698972760, 1698972760, 1698972760, 1698972761, 1698972761, 1698972761, 1698972761, 1698972761, 1698972761, 1698972761, 1698972761, 1698972761, 1698972761, 1698972762, 1698972762, 1698972762, 1698972762, 1698972762, 1698972762, 1698972762, 1698972762, 1698972762, 1698972762, 1698972763, 1698972763, 1698972763, 1698972763, 1698972763, 1698972763, 1698972763, 1698972763, 1698972763, 1698972763, 1698972764, 1698972764, 1698972764, 1698972764, 1698972764, 1698972764, 1698972764, 1698972764, 1698972765, 1698972765, 1698972765, 1698972765, 1698972765, 1698972765, 1698972765, 1698972765, 1698972765, 1698972765, 1698972766, 1698972766, 1698972766, 1698972766, 1698972766, 1698972766, 1698972766, 1698972766, 1698972766, 1698972766, 1698972767, 1698972767, 1698972767, 1698972767, 1698972767, 1698972767, 1698972767, 1698972767, 1698972767, 1698972767], "nanosecs": [607030362, 704037130, 805249149, 905735889, 5718514, 105658849, 307740128, 405973633, 505631737, 605231405, 705741954, 805747258, 905667627, 5676979, 105821347, 205766232, 305824592, 405277922, 505633320, 605723061, 705585739, 805834681, 905816521, 5717915, 105846750, 205856615, 305584091, 508946860, 605846353, 705846606, 805845475, 905850602, 5864131, 105869874, 206036433, 305804739, 405948960, 505655219, 605779495, 704070857, 805962418, 905818108, 5608896, 105717170, 205489786, 305879089, 405866243, 505857194, 605001941, 705986567, 806586320, 905324468, 5873979, 105919507, 205870539, 305907270, 405968966, 505894769, 605906961, 705870214, 805978453, 905906299, 5902663, 105894035, 309001144, 405800559, 505834999, 605828211, 808995498, 904296870, 5873655, 105776871, 205864701, 305772009, 405651876, 505773528, 605789589, 705817009, 805797298, 905661399, 5652145, 105650972, 205728146, 305771166, 405694439, 505705912, 605695560, 705693017, 805699261, 905534583, 5688360, 105711488, 205685611, 305720174, 405368816, 505216141, 605691425, 705732976, 805823010, 905759375], "mag": {"x": [-446.08, -32.079999999999984, -50.079999999999984, -38.079999999999984, -56.079999999999984, -38.079999999999984, -38.079999999999984, -38.079999999999984, -32.079999999999984, -38.079999999999984, -26.079999999999984, -32.079999999999984, -38.079999999999984, -44.079999999999984, -32.079999999999984, -26.079999999999984, -38.079999999999984, -32.079999999999984, -44.079999999999984, -26.079999999999984, -26.079999999999984, -38.079999999999984, -44.079999999999984, -38.079999999999984, -44.079999999999984, -26.079999999999984, -50.079999999999984, -44.079999999999984, -26.079999999999984, -38.079999999999984, -38.079999999999984, -44.079999999999984, -38.079999999999984, -26.079999999999984, -38.079999999999984, -26.079999999999984, -38.079999999999984, -38.079999999999984, -26.079999999999984, -32.079999999999984, -26.079999999999984, -38.079999999999984, -32.079999999999984, -56.079999999999984, -32.079999999999984, -26.079999999999984, -32.079999999999984, -50.079999999999984, -44.079999999999984, -44.079999999999984, -38.079999999999984, -26.079999999999984, -50.079999999999984, -38.079999999999984, -26.079999999999984, -32.079999999999984, -20.079999999999984, -44.079999999999984, -32.079999999999984, -26.079999999999984, -56.079999999999984, -20.079999999999984, -20.079999999999984, 162.92000000000002, 415.92, 480.92, 522.9200000000001, 486.92, 203.92000000000002, 209.92000000000002, 286.92, 262.92, 120.92000000000002, 14.920000000000016, 2.920000000000016, 67.92000000000002, 55.920000000000016, 61.920000000000016, 43.920000000000016, 43.920000000000016, 38.920000000000016, 55.920000000000016, 38.920000000000016, 38.920000000000016, 61.920000000000016, 38.920000000000016, 38.920000000000016, 38.920000000000016, 14.920000000000016, 20.920000000000016, 32.920000000000016, 49.920000000000016, 26.920000000000016, 38.920000000000016, 14.920000000000016, 20.920000000000016, 26.920000000000016, 38.920000000000016, 32.920000000000016, 26.920000000000016], "y": [-516.0, 286.0, 298.0, 298.0, 310.0, 310.0, 286.0, 322.0, 280.0, 310.0, 298.0, 316.0, 292.0, 304.0, 310.0, 304.0, 298.0, 292.0, 286.0, 316.0, 286.0, 275.0, 292.0, 298.0, 298.0, 298.0, 292.0, 304.0, 298.0, 304.0, 304.0, 304.0, 322.0, 304.0, 304.0, 292.0, 304.0, 292.0, 304.0, 286.0, 275.0, 304.0, 310.0, 304.0, 292.0, 292.0, 316.0, 280.0, 316.0, 304.0, 298.0, 298.0, 310.0, 304.0, 286.0, 304.0, 286.0, 280.0, 292.0, 286.0, 292.0, 298.0, 239.0, 251.0, 257.0, 210.0, 97.0, -62.0, -393.0, -534.0, -487.0, -599.0, -528.0, -404.0, -333.0, -316.0, -298.0, -298.0, -298.0, -316.0, -304.0, -298.0, -292.0, -263.0, -298.0, -310.0, -304.0, -292.0, -310.0, -310.0, -286.0, -274.0, -316.0, -310.0, -298.0, -292.0, -304.0, -310.0, -298.0, -298.0], "z": [-417.0, -1210.0, -1204.0, -1216.0, -1198.0, -1205.0, -1186.0, -1167.0, -1186.0, -1192.0, -1205.0, -1198.0, -1216.0, -1198.0, -1192.0, -1210.0, -1198.0, -1192.0, -1198.0, -1198.0, -1192.0, -1198.0, -1216.0, -1198.0, -1192.0, -1204.0, -1210.0, -1198.0, -1198.0, -1186.0, -1192.0, -1192.0, -1192.0, -1198.0, -1198.0, -1192.0, -1211.0, -1198.0, -1204.0, -1192.0, -1186.0, -1180.0, -1211.0, -1204.0, -1192.0, -1210.0, -1210.0, -1205.0, -1180.0, -1192.0, -1198.0, -1204.0, -1186.0, -1204.0, -1192.0, -1204.0, -1192.0, -1192.0, -1204.0, -1204.0, -1204.0, -1198.0, -1223.0, -1162.0, -1015.0, -1003.0, -997.0, -1039.0, -1076.0, -960.0, -954.0, -826.0, -996.0, -1149.0, -1168.0, -1186.0, -1174.0, -1180.0, -1186.0, -1186.0, -1192.0, -1168.0, -1174.0, -1168.0, -1168.0, -1161.0, -1174.0, -1143.0, -1162.0, -1192.0, -1192.0, -1180.0, -1180.0, -1180.0, -1168.0, -1174.0, -1173.0, -1192.0, -1186.0, -1174.0]}}