{"seconds": [1698973170, 1698973171, 1698973171, 1698973171, 1698973171, 1698973171, 1698973171, 1698973171, 1698973171, 1698973171, 1698973171, 1698973172, 1698973172, 1698973172, 1698973172, 1698973172, 1698973172, 1698973172, 1698973172, 1698973172, 1698973173, 1698973173, 1698973173, 1698973173, 1698973173, 1698973173, 1698973173, 1698973173, 1698973174, 1698973174, 1698973174, 1698973174, 1698973174, 1698973174, 1698973174, 1698973174, 1698973174, 1698973174, 1698973175, 1698973175, 1698973175, 1698973175, 1698973175, 1698973175, 1698973175, 1698973175, 1698973175, 1698973175, 1698973176, 1698973176, 1698973176, 1698973176, 1698973176, 1698973176, 1698973176, 1698973176, 1698973176, 1698973177, 1698973177, 1698973177, 1698973177, 1698973177, 1698973177, 1698973177, 1698973177, 1698973177, 1698973178, 1698973178, 1698973178, 1698973178, 1698973178, 1698973178, 1698973178, 1698973178, 1698973178, 1698973179, 1698973179, 1698973179, 1698973179, 1698973179, 1698973179, 1698973179, 1698973179, 1698973180, 1698973180, 1698973180, 1698973180, 1698973180, 1698973180, 1698973180, 1698973180, 1698973180, 1698973181, 1698973181, 1698973181, 1698973181, 1698973181, 1698973181, 1698973181, 1698973181], "nanosecs": [986233078, 86680082, 186554323, 286530438, 386554146, 486584312, 586271727, 686574859, 786559936, 886529771, 986555742, 86562355, 186691794, 286655483, 386622749, 486592701, 586596186, 686552578, 889707714, 986657873, 86571030, 186590749, 389276884, 486592424, 586478953, 686602355, 889746347, 986444628, 85591110, 186802008, 286640352, 386796260, 486713694, 586796909, 686524212, 786818829, 886803481, 986693741, 86778621, 185736470, 286785685, 386592794, 486579297, 586573029, 686585797, 786319040, 886824509, 986601565, 86628567, 186650393, 286573625, 386451027, 486815913, 586586121, 686584145, 887757355, 986462062, 86678798, 186663841, 286628088, 386629825, 486820159, 688755614, 786712518, 886585587, 985041239, 86587278, 185059237, 286611406, 386591914, 486580945, 689473802, 786607997, 886576226, 986585601, 189863989, 388381923, 486610658, 586604918, 686612201, 786452977, 886634813, 986583731, 86634888, 186671922, 286573456, 386607732, 588533645, 686618955, 786662982, 886616185, 986617983, 86646825, 186639806, 286600752, 386616802, 486636781, 586829427, 686614968, 786566437], "mag": {"x": [6.142657342657345, 7.820979020979022, 7.820979020979022, 6.981818181818183, 6.142657342657345, 7.820979020979022, 6.981818181818183, 2.925874125874128, 1.2475524475524498, -0.4307692307692285, -3.647552447552445, -0.4307692307692285, -0.4307692307692285, -2.1090909090909067, -0.4307692307692285, -2.1090909090909067, -1.2699300699300677, -1.2699300699300677, -0.4307692307692285, -2.808391608391606, -2.1090909090909067, -0.4307692307692285, -1.2699300699300677, -2.1090909090909067, -0.4307692307692285, -2.1090909090909067, -2.1090909090909067, -1.2699300699300677, -0.4307692307692285, -2.1090909090909067, -2.1090909090909067, -0.4307692307692285, 2.0867132867132887, 2.925874125874128, 2.925874125874128, 4.604195804195806, 5.443356643356645, 7.820979020979022, 12.01678321678322, 15.233566433566436, 14.534265734265736, 18.59020979020979, 23.485314685314687, 23.485314685314687, 25.163636363636364, 27.68111888111888, 27.68111888111888, 28.52027972027972, 29.35944055944056, 26.841958041958044, 28.52027972027972, 29.35944055944056, 28.52027972027972, 33.41538461538462, 35.93286713286713, 38.45034965034965, 40.82797202797203, 43.345454545454544, 44.184615384615384, 43.345454545454544, 42.506293706293704, 45.023776223776224, 45.023776223776224, 44.184615384615384, 46.702097902097904, 46.702097902097904, 45.023776223776224, 46.702097902097904, 44.184615384615384, 43.345454545454544, 42.506293706293704, 44.184615384615384, 44.184615384615384, 44.184615384615384, 43.345454545454544, 41.667132867132864, 40.82797202797203, 40.12867132867133, 36.77202797202797, 35.0937062937063, 24.324475524475524, 8.660139860139862, -11.060139860139858, -20.990209790209786, -29.24195804195804, -23.507692307692306, -8.68251748251748, 25.163636363636364, 25.163636363636364, 44.184615384615384, 59.00979020979021, 67.26153846153846, 63.205594405594404, 48.38041958041958, 26.841958041958044, 7.820979020979022, -8.68251748251748, -18.61258741258741, -24.346853146853142, -26.025174825174823], "y": [39.325842696629216, 43.53932584269663, 42.69662921348314, 41.01123595505618, 44.38202247191011, 44.38202247191011, 42.69662921348314, 43.53932584269663, 46.76966292134831, 47.6123595505618, 46.76966292134831, 45.2247191011236, 46.067415730337075, 48.45505617977528, 46.067415730337075, 45.2247191011236, 46.76966292134831, 44.38202247191011, 46.067415730337075, 45.2247191011236, 47.6123595505618, 49.29775280898876, 47.6123595505618, 47.6123595505618, 47.6123595505618, 45.2247191011236, 47.6123595505618, 47.6123595505618, 46.76966292134831, 45.2247191011236, 46.76966292134831, 46.76966292134831, 46.067415730337075, 47.6123595505618, 45.2247191011236, 44.38202247191011, 46.067415730337075, 47.6123595505618, 46.76966292134831, 43.53932584269663, 44.38202247191011, 41.853932584269664, 40.168539325842694, 41.853932584269664, 35.252808988764045, 36.09550561797753, 36.93820224719101, 34.41011235955056, 39.325842696629216, 36.93820224719101, 39.325842696629216, 35.252808988764045, 36.09550561797753, 34.41011235955056, 31.039325842696627, 25.280898876404493, 21.06741573033708, 16.99438202247191, 13.623595505617978, 14.46629213483146, 12.078651685393258, 7.865168539325842, 5.337078651685393, 7.022471910112359, 2.9494382022471908, -0.42134831460674155, -6.179775280898876, -6.179775280898876, -11.235955056179774, -13.623595505617978, -14.46629213483146, -12.078651685393258, -11.235955056179774, -11.235955056179774, -12.078651685393258, -16.151685393258425, -21.207865168539325, -20.365168539325843, -23.595505617977526, -16.151685393258425, -18.679775280898877, -23.595505617977526, -29.49438202247191, -37.78089887640449, -52.668539325842694, -71.76966292134831, -84.12921348314606, -90.02808988764045, -90.02808988764045, -80.0561797752809, -65.87078651685393, -31.882022471910112, -18.679775280898877, -7.865168539325842, -5.337078651685393, -13.623595505617978, -16.151685393258425, -25.280898876404493, -31.039325842696627, -34.41011235955056],