{"seconds": [1698972848, 1698972848, 1698972848, 1698972848, 1698972848, 1698972848, 1698972848, 1698972849, 1698972849, 1698972849, 1698972849, 1698972849, 1698972849, 1698972849, 1698972849, 1698972849, 1698972849, 1698972850, 1698972850, 1698972850, 1698972850, 1698972850, 1698972850, 1698972850, 1698972850, 1698972850, 1698972850, 1698972851, 1698972851, 1698972851, 1698972851, 1698972851, 1698972851, 1698972851, 1698972851, 1698972851, 1698972852, 1698972852, 1698972852, 1698972852, 1698972852, 1698972852, 1698972852, 1698972852, 1698972852, 1698972852, 1698972853, 1698972853, 1698972853, 1698972853, 1698972853, 1698972853, 1698972853, 1698972853, 1698972853, 1698972853, 1698972854, 1698972854, 1698972854, 1698972854, 1698972854, 1698972854, 1698972854, 1698972854, 1698972854, 1698972854, 1698972855, 1698972855, 1698972855, 1698972855, 1698972855, 1698972855, 1698972855, 1698972855, 1698972855, 1698972855, 1698972856, 1698972856, 1698972856, 1698972856, 1698972856, 1698972856, 1698972856, 1698972856, 1698972856, 1698972857, 1698972857, 1698972857, 1698972857, 1698972857, 1698972857, 1698972857, 1698972857, 1698972857, 1698972857, 1698972858, 1698972858, 1698972858, 1698972858, 1698972858], "nanosecs": [395817596, 489317762, 591443981, 691501681, 791443284, 891327646, 991980721, 91638113, 191371762, 291434511, 391350962, 491393443, 591258171, 691418694, 791518766, 891358639, 991491097, 91406549, 191334574, 291495996, 391404015, 491614575, 591571430, 691438939, 791491324, 891273855, 991511985, 91492119, 191478208, 393536229, 491085216, 591464955, 691384035, 791580359, 891413337, 991438907, 91295210, 191499383, 291348892, 391382480, 491378724, 591260929, 691400720, 791365555, 891577349, 991370290, 91217992, 191346613, 291363846, 391409282, 489565352, 591398786, 691338072, 791398876, 891455856, 991469885, 91217660, 191438124, 291495823, 391571195, 491502869, 591509501, 691263748, 791199098, 891582830, 991537056, 91549163, 191565119, 292087561, 390528261, 489531087, 591521549, 690594154, 791684070, 891618640, 991600144, 89315209, 189783364, 291978247, 494695222, 591401583, 691593594, 791608389, 891539944, 991626294, 91442342, 191606958, 291557625, 391613056, 491556545, 591464982, 691609681, 791653511, 891602752, 991631232, 91176962, 191386469, 291542779, 391548755, 491331830], "mag": {"x": [675.9200000000001, 669.9200000000001, 681.9200000000001, 669.9200000000001, 658.9200000000001, 669.9200000000001, 669.9200000000001, 652.9200000000001, 663.9200000000001, 675.9200000000001, 669.9200000000001, 675.9200000000001, 652.9200000000001, 669.9200000000001, 663.9200000000001, 663.9200000000001, 669.9200000000001, 669.9200000000001, 652.9200000000001, 669.9200000000001, 687.9200000000001, 675.9200000000001, 675.9200000000001, 675.9200000000001, 663.9200000000001, 663.9200000000001, 675.9200000000001, 669.9200000000001, 675.9200000000001, 658.9200000000001, 675.9200000000001, 669.9200000000001, 681.9200000000001, 675.9200000000001, 681.9200000000001, 669.9200000000001, 675.9200000000001, 675.9200000000001, 711.9200000000001, 569.9200000000001, 197.92000000000002, -74.07999999999998, -327.08, -534.0799999999999, -623.0799999999999, -652.0799999999999, -664.0799999999999, -688.0799999999999, -682.0799999999999, -705.0799999999999, -699.0799999999999, -693.0799999999999, -688.0799999999999, -688.0799999999999, -699.0799999999999, -699.0799999999999, -693.0799999999999, -688.0799999999999, -693.0799999999999, -693.0799999999999, -705.0799999999999, -688.0799999999999, -693.0799999999999, -705.0799999999999, -693.0799999999999, -699.0799999999999, -688.0799999999999, -705.0799999999999, -705.0799999999999, -693.0799999999999, -693.0799999999999, -705.0799999999999, -705.0799999999999, -682.0799999999999, -693.0799999999999, -705.0799999999999, -693.0799999999999, -693.0799999999999, -688.0799999999999, -699.0799999999999, -682.0799999999999, -693.0799999999999, -699.0799999999999, -688.0799999999999, -670.0799999999999, -705.0799999999999, -688.0799999999999, -705.0799999999999, -688.0799999999999, -699.0799999999999, -676.0799999999999, -688.0799999999999, -711.0799999999999, -699.0799999999999, -693.0799999999999, -688.0799999999999, -688.0799999999999, -693.0799999999999, -688.0799999999999, -699.0799999999999], "y": [33.0, 44.0, 38.0, 56.0, 62.0, 27.0, 38.0, 62.0, 33.0, 50.0, 50.0, 50.0, 33.0, 33.0, 56.0, 44.0, 38.0, 44.0, 38.0, 56.0, 33.0, 50.0, 27.0, 50.0, 38.0, 33.0, 38.0, 50.0, 27.0, 27.0, 50.0, 38.0, 38.0, 44.0, 74.0, 38.0, 33.0, 21.0, 21.0, -80.0, 3.0, 44.0, 239.0, 115.0, 74.0, 68.0, 56.0, 15.0, 44.0, 15.0, 44.0, 33.0, 33.0, 21.0, 21.0, 21.0, 21.0, 33.0, 15.0, 15.0, 15.0, 21.0, 27.0, 9.0, 9.0, 15.0, 21.0, 27.0, 3.0, 21.0, 9.0, 33.0, 33.0, 21.0, 27.0, 27.0, 9.0, 27.0, 21.0, 27.0, 44.0, 21.0, 44.0, 38.0, 44.0, 15.0, -3.0, 9.0, 15.0, 9.0, 27.0, 21.0, 21.0, 21.0, 15.0, 15.0, 15.0, 33.0, 21.0, 33.0], "z": [297.5, 328.5, 322.5, 309.5, 322.5, 315.5, 322.5, 328.5, 334.5, 303.5, 303.5, 315.5, 309.5, 297.5, 328.5, 315.5, 315.5, 309.5, 303.5, 309.5, 315.5, 309.5, 303.5, 315.5, 315.5, 334.5, 322.5, 328.5, 315.5, 303.5, 309.5, 322.5, 322.5, 309.5, 309.5, 315.5, 322.5, 260.5, 29.5, -477.5, -734.5, -740.5, -648.5, -544.5, -447.5, -391.5, -367.5, -355.5, -349.5, -337.5, -336.5, -336.5, -336.5, -330.5, -349.5, -330.5, -349.5, -349.5, -330.5, -349.5, -318.5, -330.5, -318.5, -336.5, -330.5, -330.5, -336.5, -336.5, -336.5, -318.5, -330.5, -342.5, -343.5, -342.5, -318.5, -324.5, -330.5, -330.5, -330.5, -330.5, -342.5, -336.5, -330.5, -342.5, -318.5, -342.5, -324.5, -330.5, -324.5, -330.5, -324.5, -330.5, -336.5, -324.5, -330.5, -342.5, -324.5, -330.5, -330.5, -342.5]}}