{"seconds": [1698972412, 1698972412, 1698972412, 1698972412, 1698972412, 1698972412, 1698972412, 1698972412, 1698972413, 1698972413, 1698972413, 1698972413, 1698972413, 1698972413, 1698972413, 1698972413, 1698972413, 1698972414, 1698972414, 1698972414, 1698972414, 1698972414, 1698972414, 1698972414, 1698972414, 1698972414, 1698972414, 1698972415, 1698972415, 1698972415, 1698972415, 1698972415, 1698972415, 1698972415, 1698972415, 1698972415, 1698972415, 1698972416, 1698972416, 1698972416, 1698972416, 1698972416, 1698972416, 1698972416, 1698972416, 1698972417, 1698972417, 1698972417, 1698972417, 1698972417, 1698972417, 1698972417, 1698972417, 1698972417, 1698972417, 1698972418, 1698972418, 1698972418, 1698972418, 1698972418, 1698972418, 1698972418, 1698972418, 1698972418, 1698972418, 1698972419, 1698972419, 1698972419, 1698972419, 1698972419, 1698972419, 1698972419, 1698972419, 1698972419, 1698972420, 1698972420, 1698972420, 1698972420, 1698972420, 1698972420, 1698972420, 1698972420, 1698972420, 1698972421, 1698972421, 1698972421, 1698972421, 1698972421, 1698972421, 1698972421, 1698972421, 1698972421, 1698972421, 1698972422, 1698972422, 1698972422, 1698972422, 1698972422, 1698972422, 1698972422], "nanosecs": [164954141, 365390553, 463130686, 563044213, 663144362, 763309129, 863775227, 964877563, 65000243, 165137211, 264844710, 365419406, 567881839, 665202129, 763554308, 863192283, 965058397, 65085021, 164986020, 264981963, 365225053, 465127701, 565127422, 665348927, 763182014, 865066818, 965186860, 64920561, 165150999, 264832841, 365136066, 463715450, 565162576, 664853069, 763570848, 863379283, 964972861, 165821090, 264424297, 363246129, 463348585, 664170680, 763374572, 865138281, 963163590, 62995872, 163100843, 263367881, 365129375, 464725464, 564995810, 665236779, 765176356, 865307216, 963286729, 65274285, 165719098, 265169479, 365572266, 463828159, 565217043, 665238054, 765970556, 863541635, 963644006, 65338693, 165485337, 265278360, 364766701, 463182621, 665564642, 763276595, 865273586, 965239249, 65456393, 165335650, 265439255, 365267008, 465426479, 668268948, 764838036, 865448806, 964444716, 65430913, 165430765, 265438398, 365303141, 463677808, 565330877, 663652025, 765255558, 863240338, 964718899, 63096174, 165129618, 265197230, 363290904, 464942237, 565328038, 665106932], "mag": {"x": [201.67171717171715, 190.67171717171715, 195.67171717171715, 201.67171717171715, 201.67171717171715, 207.67171717171715, 201.67171717171715, 190.67171717171715, 201.67171717171715, 195.67171717171715, 190.67171717171715, 195.67171717171715, 184.67171717171715, 201.67171717171715, 201.67171717171715, 207.67171717171715, 207.67171717171715, 195.67171717171715, 207.67171717171715, 201.67171717171715, 201.67171717171715, 219.67171717171715, 213.67171717171715, 201.67171717171715, 201.67171717171715, 207.67171717171715, 207.67171717171715, 207.67171717171715, 207.67171717171715, 207.67171717171715, 219.67171717171715, 201.67171717171715, 184.67171717171715, 207.67171717171715, 190.67171717171715, 201.67171717171715, 201.67171717171715, 190.67171717171715, 201.67171717171715, 195.67171717171715, 207.67171717171715, 195.67171717171715, 195.67171717171715, 201.67171717171715, 213.67171717171715, 184.67171717171715, 201.67171717171715, 201.67171717171715, 207.67171717171715, 195.67171717171715, 207.67171717171715, 207.67171717171715, 201.67171717171715, 213.67171717171715, 213.67171717171715, 201.67171717171715, 201.67171717171715, 190.67171717171715, 184.67171717171715, 195.67171717171715, 213.67171717171715, 195.67171717171715, 207.67171717171715, 213.67171717171715, 195.67171717171715, 201.67171717171715, 190.67171717171715, 213.67171717171715, 201.67171717171715, 201.67171717171715, 195.67171717171715, 213.67171717171715, 213.67171717171715, 201.67171717171715, 195.67171717171715, 207.67171717171715, 219.67171717171715, 225.67171717171715, 213.67171717171715, 190.67171717171715, 195.67171717171715, 207.67171717171715, 190.67171717171715, 207.67171717171715, 213.67171717171715, 201.67171717171715, 201.67171717171715, 219.67171717171715, 190.67171717171715, 201.67171717171715, 201.67171717171715, 201.67171717171715, 195.67171717171715, 195.67171717171715, 190.67171717171715, 207.67171717171715, 195.67171717171715, 195.67171717171715, 207.67171717171715, 201.67171717171715], "y": [-80.74242424242425, -74.74242424242425, -104.74242424242425, -86.74242424242425, -74.74242424242425, -80.74242424242425, -92.74242424242425, -62.74242424242425, -74.74242424242425, -92.74242424242425, -86.74242424242425, -92.74242424242425, -98.74242424242425, -74.74242424242425, -74.74242424242425, -74.74242424242425, -74.74242424242425, -86.74242424242425, -86.74242424242425, -74.74242424242425, -80.74242424242425, -51.74242424242425, -98.74242424242425, -68.74242424242425, -68.74242424242425, -68.74242424242425, -80.74242424242425, -68.74242424242425, -62.74242424242425, -86.74242424242425, -80.74242424242425, -80.74242424242425, -56.74242424242425, -74.74242424242425, -86.74242424242425, -62.74242424242425, -68.74242424242425, -74.74242424242425, -68.74242424242425, -74.74242424242425, -74.74242424242425, -62.74242424242425, -74.74242424242425, -68.74242424242425, -92.74242424242425, -80.74242424242425, -74.74242424242425, -80.74242424242425, -80.74242424242425, -80.74242424242425, -74.74242424242425, -86.74242424242425, -80.74242424242425, -80.74242424242425, -86.74242424242425, -80.74242424242425, -62.74242424242425, -68.74242424242425, -92.74242424242425, -74.74242424242425, -92.74242424242425, -80.74242424242425, -80.74242424242425, -80.74242424242425, -80.74242424242425, -86.74242424242425, -86.74242424242425, -86.74242424242425, -80.74242424242425, -56.74242424242425, -80.74242424242425, -86.74242424242425, -80.74242424242425, -68.74242424242425, -80.74242424242425, -86.74242424242425, -92.74242424242425, -74.74242424242425, -80.74242424242425, -80.74242424242425, -68.74242424242425, -80.74242424242425, -80.74242424242425, -74.74242424242425, -86.74242424242425, -68.74242424242425, -80.74242424242425, -80.74242424242425, -80.74242424242425, -86.74242424242425, -74.74242424242425, -62.74242424242425, -98.74242424242425, -86.74242424242425, -86.74242424242425, -62.74242424242425, -80.74242424242425, -74.74242424242425, -74.74242424242425, -68.74242424242425],