{"seconds": [1698972443, 1698972443, 1698972443, 1698972443, 1698972444, 1698972444, 1698972444, 1698972444, 1698972444, 1698972444, 1698972444, 1698972444, 1698972444, 1698972445, 1698972445, 1698972445, 1698972445, 1698972445, 1698972445, 1698972445, 1698972445, 1698972445, 1698972445, 1698972446, 1698972446, 1698972446, 1698972446, 1698972446, 1698972446, 1698972446, 1698972446, 1698972446, 1698972446, 1698972447, 1698972447, 1698972447, 1698972447, 1698972447, 1698972447, 1698972447, 1698972447, 1698972447, 1698972448, 1698972448, 1698972448, 1698972448, 1698972448, 1698972448, 1698972448, 1698972448, 1698972448, 1698972448, 1698972449, 1698972449, 1698972449, 1698972449, 1698972449, 1698972449, 1698972449, 1698972449, 1698972449, 1698972449, 1698972450, 1698972450, 1698972450, 1698972450, 1698972450, 1698972450, 1698972450, 1698972450, 1698972450, 1698972450, 1698972451, 1698972451, 1698972451, 1698972451, 1698972451, 1698972451, 1698972451, 1698972451, 1698972451, 1698972451, 1698972452, 1698972452, 1698972452, 1698972452, 1698972452, 1698972452, 1698972452, 1698972452, 1698972452, 1698972453, 1698972453, 1698972453, 1698972453, 1698972453, 1698972453, 1698972453, 1698972453, 1698972454], "nanosecs": [664253573, 763735542, 863656868, 964112668, 166913655, 265508242, 364368439, 464079442, 564018312, 663480008, 763760218, 864134641, 964284141, 64254565, 165341212, 265434588, 365316019, 464296084, 564104927, 664062093, 764021026, 864097499, 964281914, 64095091, 164283337, 264096563, 363966714, 464279098, 564168860, 663962284, 764012669, 864245242, 963971184, 64153255, 164170510, 264165265, 364308839, 464337392, 564192968, 663978077, 866172360, 964086707, 64105943, 164182042, 264008618, 363689484, 463954957, 564179821, 663944867, 764004661, 864063839, 964109214, 64090419, 164055245, 264012629, 364104784, 464198205, 564106185, 663961602, 764024011, 864118919, 964204606, 64111220, 164201088, 264203836, 364227909, 464160314, 564205971, 664181525, 764191286, 864148165, 964021746, 64137990, 164237241, 264095052, 364092939, 464171505, 564097419, 663726318, 764015331, 864067156, 963986141, 63977597, 164200691, 264094753, 363905872, 464165508, 563828973, 664058443, 763910666, 864153622, 66316513, 164109754, 264435256, 364044966, 566130005, 664154497, 764221490, 864053524, 66025002], "mag": {"x": [207.67171717171715, 207.67171717171715, 201.67171717171715, 195.67171717171715, 207.67171717171715, 207.67171717171715, 213.67171717171715, 213.67171717171715, 195.67171717171715, 207.67171717171715, 201.67171717171715, 195.67171717171715, 213.67171717171715, 213.67171717171715, 190.67171717171715, 207.67171717171715, 195.67171717171715, 195.67171717171715, 195.67171717171715, 201.67171717171715, 207.67171717171715, 207.67171717171715, 195.67171717171715, 207.67171717171715, 207.67171717171715, 207.67171717171715, 184.67171717171715, 219.67171717171715, 213.67171717171715, 195.67171717171715, 207.67171717171715, 201.67171717171715, 207.67171717171715, 213.67171717171715, 201.67171717171715, 195.67171717171715, 207.67171717171715, 213.67171717171715, 213.67171717171715, 201.67171717171715, 207.67171717171715, 201.67171717171715, 207.67171717171715, 207.67171717171715, 201.67171717171715, 201.67171717171715, 207.67171717171715, 201.67171717171715, 213.67171717171715, 207.67171717171715, 201.67171717171715, 195.67171717171715, 201.67171717171715, 201.67171717171715, 190.67171717171715, 219.67171717171715, 207.67171717171715, 195.67171717171715, 207.67171717171715, 195.67171717171715, 190.67171717171715, 195.67171717171715, 213.67171717171715, 201.67171717171715, 195.67171717171715, 207.67171717171715, 195.67171717171715, 201.67171717171715, 207.67171717171715, 201.67171717171715, 184.67171717171715, 195.67171717171715, 190.67171717171715, 201.67171717171715, 195.67171717171715, 201.67171717171715, 201.67171717171715, 201.67171717171715, 201.67171717171715, 207.67171717171715, 190.67171717171715, 195.67171717171715, 195.67171717171715, 195.67171717171715, 195.67171717171715, 195.67171717171715, 201.67171717171715, 207.67171717171715, 207.67171717171715, 213.67171717171715, 195.67171717171715, 195.67171717171715, 195.67171717171715, 213.67171717171715, 195.67171717171715, 201.67171717171715, 195.67171717171715, 207.67171717171715, 207.67171717171715, 201.67171717171715], "y": [-80.74242424242425, -80.74242424242425, -74.74242424242425, -86.74242424242425, -98.74242424242425, -74.74242424242425, -86.74242424242425, -86.74242424242425, -62.74242424242425, -86.74242424242425, -80.74242424242425, -51.74242424242425, -62.74242424242425, -68.74242424242425, -86.74242424242425, -74.74242424242425, -80.74242424242425, -86.74242424242425, -80.74242424242425, -74.74242424242425, -62.74242424242425, -80.74242424242425, -74.74242424242425, -74.74242424242425, -86.74242424242425, -80.74242424242425, -74.74242424242425, -92.74242424242425, -80.74242424242425, -92.74242424242425, -80.74242424242425, -80.74242424242425, -74.74242424242425, -98.74242424242425, -74.74242424242425, -80.74242424242425, -74.74242424242425, -80.74242424242425, -74.74242424242425, -92.74242424242425, -80.74242424242425, -80.74242424242425, -80.74242424242425, -92.74242424242425, -74.74242424242425, -56.74242424242425, -56.74242424242425, -68.74242424242425, -74.74242424242425, -56.74242424242425, -86.74242424242425, -80.74242424242425, -92.74242424242425, -74.74242424242425, -86.74242424242425, -80.74242424242425, -86.74242424242425, -68.74242424242425, -86.74242424242425, -74.74242424242425, -80.74242424242425, -80.74242424242425, -86.74242424242425, -51.74242424242425, -80.74242424242425, -74.74242424242425, -56.74242424242425, -74.74242424242425, -56.74242424242425, -68.74242424242425, -68.74242424242425, -80.74242424242425, -86.74242424242425, -68.74242424242425, -74.74242424242425, -80.74242424242425, -86.74242424242425, -86.74242424242425, -92.74242424242425, -62.74242424242425, -98.74242424242425, -86.74242424242425, -62.74242424242425, -68.74242424242425, -62.74242424242425, -86.74242424242425, -80.74242424242425, -62.74242424242425, -86.74242424242425, -80.74242424242425, -86.74242424242425, -86.74242424242425, -62.74242424242425, -51.74242424242425, -45.74242424242425, -74.74242424242425, -74.74242424242425, -62.74242424242425, -74.74242424242425, -68.74242424242425],