{"seconds": [1698973160, 1698973160, 1698973160, 1698973160, 1698973160, 1698973160, 1698973160, 1698973161, 1698973161, 1698973161, 1698973161, 1698973161, 1698973161, 1698973161, 1698973161, 1698973161, 1698973162, 1698973162, 1698973162, 1698973162, 1698973162, 1698973162, 1698973162, 1698973162, 1698973163, 1698973163, 1698973163, 1698973163, 1698973163, 1698973163, 1698973163, 1698973163, 1698973163, 1698973163, 1698973164, 1698973164, 1698973164, 1698973164, 1698973164, 1698973164, 1698973164, 1698973164, 1698973165, 1698973165, 1698973165, 1698973165, 1698973165, 1698973165, 1698973165, 1698973165, 1698973165, 1698973165, 1698973166, 1698973166, 1698973166, 1698973166, 1698973166, 1698973166, 1698973166, 1698973166, 1698973166, 1698973166, 1698973167, 1698973167, 1698973167, 1698973167, 1698973167, 1698973167, 1698973167, 1698973167, 1698973167, 1698973168, 1698973168, 1698973168, 1698973168, 1698973168, 1698973168, 1698973168, 1698973168, 1698973168, 1698973168, 1698973169, 1698973169, 1698973169, 1698973169, 1698973169, 1698973169, 1698973169, 1698973169, 1698973169, 1698973169, 1698973170, 1698973170, 1698973170, 1698973170, 1698973170, 1698973170, 1698973170, 1698973170, 1698973170], "nanosecs": [386516076, 486333585, 586240937, 686495977, 786370887, 886543100, 986608508, 86331064, 186649165, 286485121, 386338846, 486420341, 586653838, 790026317, 886448780, 986261137, 86610875, 289726987, 386636518, 486674727, 586607764, 789749896, 886579044, 986499337, 86509213, 186655639, 286548967, 386487784, 486532321, 586537516, 686503432, 786667629, 886529854, 986483181, 86512108, 186517490, 287437292, 386604421, 486572530, 586503599, 684648741, 991831108, 86485972, 186578050, 286392984, 386528304, 486523338, 586668184, 686508409, 786541916, 884998115, 986686413, 86514594, 186545836, 286542933, 386520935, 486592112, 586513582, 686416715, 785567188, 886522957, 986488025, 86585079, 186588167, 286531430, 386226326, 589787489, 686683975, 786210972, 886521394, 986118496, 86604646, 186548939, 286559589, 386545150, 486534502, 586249666, 686502280, 786673149, 886547298, 986518016, 85515586, 186203607, 286527989, 386509232, 486538090, 586570167, 686548756, 784830980, 886209695, 986506232, 86541490, 186544276, 286364307, 386223808, 486552670, 586554992, 686213483, 784797728, 886814752], "mag": {"x": [10.33846153846154, 5.443356643356645, 10.33846153846154, 8.660139860139862, 8.660139860139862, 8.660139860139862, 7.820979020979022, 9.4993006993007, 7.820979020979022, 8.660139860139862, 7.820979020979022, 7.820979020979022, 9.4993006993007, 6.981818181818183, 9.4993006993007, 6.981818181818183, 7.820979020979022, 8.660139860139862, 8.660139860139862, 9.4993006993007, 6.981818181818183, 7.820979020979022, 6.282517482517484, 6.981818181818183, 4.604195804195806, 8.660139860139862, 8.660139860139862, 6.981818181818183, 10.33846153846154, 7.820979020979022, 6.981818181818183, 6.981818181818183, 6.981818181818183, 7.820979020979022, 7.820979020979022, 7.820979020979022, 6.981818181818183, 9.4993006993007, 6.981818181818183, 8.660139860139862, 11.177622377622379, 7.820979020979022, 6.981818181818183, 8.660139860139862, 6.981818181818183, 6.981818181818183, 5.443356643356645, 6.981818181818183, 5.443356643356645, 6.981818181818183, 5.443356643356645, 6.981818181818183, 8.660139860139862, 7.820979020979022, 8.660139860139862, 9.4993006993007, 7.820979020979022, 6.981818181818183, 10.33846153846154, 9.4993006993007, 8.660139860139862, 7.820979020979022, 7.820979020979022, 8.660139860139862, 7.820979020979022, 8.660139860139862, 6.981818181818183, 6.981818181818183, 6.981818181818183, 8.660139860139862, 7.820979020979022, 8.660139860139862, 7.820979020979022, 6.282517482517484, 5.443356643356645, 5.443356643356645, 7.820979020979022, 8.660139860139862, 6.142657342657345, 8.660139860139862, 8.660139860139862, 6.142657342657345, 8.660139860139862, 7.820979020979022, 5.443356643356645, 8.660139860139862, 6.981818181818183, 7.820979020979022, 7.820979020979022, 8.660139860139862, 6.981818181818183, 7.820979020979022, 8.660139860139862, 9.4993006993007, 7.820979020979022, 7.820979020979022, 5.443356643356645, 6.981818181818183, 6.981818181818183, 8.660139860139862], "y": [43.53932584269663, 42.69662921348314, 41.853932584269664, 42.69662921348314, 41.853932584269664, 42.69662921348314, 42.69662921348314, 42.69662921348314, 39.325842696629216, 41.01123595505618, 41.853932584269664, 43.53932584269663, 44.38202247191011, 39.325842696629216, 42.69662921348314, 45.2247191011236, 42.69662921348314, 42.69662921348314, 42.69662921348314, 42.69662921348314, 41.01123595505618, 42.69662921348314, 40.168539325842694, 43.53932584269663, 43.53932584269663, 43.53932584269663, 43.53932584269663, 43.53932584269663, 44.38202247191011, 43.53932584269663, 39.325842696629216, 40.168539325842694, 41.853932584269664, 42.69662921348314, 41.01123595505618, 41.01123595505618, 45.2247191011236, 42.69662921348314, 42.69662921348314, 43.53932584269663, 41.01123595505618, 41.853932584269664, 41.853932584269664, 41.01123595505618, 41.853932584269664, 41.853932584269664, 42.69662921348314, 43.53932584269663, 45.2247191011236, 41.01123595505618, 41.853932584269664, 42.69662921348314, 44.38202247191011, 43.53932584269663, 42.69662921348314, 43.53932584269663, 41.853932584269664, 41.853932584269664, 43.53932584269663, 44.38202247191011, 41.01123595505618, 42.69662921348314, 44.38202247191011, 41.853932584269664, 41.853932584269664, 42.69662921348314, 41.853932584269664, 39.325842696629216, 41.853932584269664, 43.53932584269663, 42.69662921348314, 41.853932584269664, 41.01123595505618, 42.69662921348314, 43.53932584269663, 43.53932584269663, 41.853932584269664, 42.69662921348314, 38.48314606741573, 42.69662921348314, 41.01123595505618, 43.53932584269663, 42.69662921348314, 42.69662921348314, 40.168539325842694, 44.38202247191011, 42.69662921348314, 41.01123595505618, 39.325842696629216, 43.53932584269663, 41.853932584269664, 42.69662921348314, 40.168539325842694, 39.325842696629216, 41.01123595505618, 42.69662921348314, 40.168539325842694, 41.853932584269664, 41.01123595505618, 43.53932584269663],