{"seconds": [1698973107, 1698973107, 1698973108, 1698973108, 1698973108, 1698973108, 1698973108, 1698973108, 1698973108, 1698973108, 1698973108, 1698973108, 1698973109, 1698973109, 1698973109, 1698973109, 1698973109, 1698973109, 1698973109, 1698973109, 1698973110, 1698973110, 1698973110, 1698973110, 1698973110, 1698973110, 1698973110, 1698973110, 1698973110, 1698973110, 1698973111, 1698973111, 1698973111, 1698973111, 1698973111, 1698973111, 1698973111, 1698973111, 1698973111, 1698973111, 1698973112, 1698973112, 1698973112, 1698973112, 1698973112, 1698973112, 1698973112, 1698973112, 1698973113, 1698973113, 1698973113, 1698973113, 1698973113, 1698973113, 1698973113, 1698973113, 1698973113, 1698973113, 1698973114, 1698973114, 1698973114, 1698973114, 1698973114, 1698973114, 1698973114, 1698973114, 1698973114, 1698973114, 1698973115, 1698973115, 1698973115, 1698973115, 1698973115, 1698973115, 1698973115, 1698973115, 1698973115, 1698973115, 1698973116, 1698973116, 1698973116, 1698973116, 1698973116, 1698973116, 1698973116, 1698973117, 1698973117, 1698973117, 1698973117, 1698973117, 1698973117, 1698973117, 1698973117, 1698973117, 1698973117, 1698973118, 1698973118, 1698973118, 1698973118, 1698973118], "nanosecs": [786169988, 988095072, 86147016, 186068268, 286175521, 386127437, 486249905, 586151669, 685721929, 787404926, 887385790, 986185910, 86293866, 186205153, 286167281, 384387097, 486417034, 689314384, 889400120, 986294334, 87257725, 186180988, 286170605, 386164980, 486194769, 586144993, 686135373, 786213639, 886186214, 986172929, 86155212, 186171766, 286195991, 386181263, 486179613, 586190651, 686164860, 786042798, 886209599, 986152805, 86194687, 391978803, 486149293, 586220669, 686246554, 786036690, 886209558, 986272755, 86168199, 186697046, 285778617, 384712754, 486229840, 587253524, 686223466, 786278858, 887304061, 986235060, 86247110, 186306443, 286254599, 386239919, 486185004, 587287000, 686201950, 786168557, 886231506, 986171178, 86189115, 186210133, 286207115, 386212111, 486218400, 586219094, 686201923, 786210170, 886239051, 986159273, 86143907, 289236121, 386189286, 486309648, 586257062, 789248436, 989095042, 85809096, 186207951, 286228811, 386841226, 484823455, 586239099, 686218591, 786188520, 886261637, 986218367, 86209131, 186220237, 286185620, 386228240, 589454958], "mag": {"x": [6.142657342657345, 6.142657342657345, 10.33846153846154, 8.660139860139862, 8.660139860139862, 9.4993006993007, 8.660139860139862, 8.660139860139862, 8.660139860139862, 6.981818181818183, 10.33846153846154, 6.981818181818183, 7.820979020979022, 8.660139860139862, 7.820979020979022, 8.660139860139862, 8.660139860139862, 8.660139860139862, 9.4993006993007, 8.660139860139862, 8.660139860139862, 7.820979020979022, 6.981818181818183, 6.142657342657345, 9.4993006993007, 7.820979020979022, 10.33846153846154, 8.660139860139862, 8.660139860139862, 7.820979020979022, 4.604195804195806, 9.4993006993007, 6.142657342657345, 7.820979020979022, 7.820979020979022, 6.981818181818183, 6.981818181818183, 6.981818181818183, 7.820979020979022, 6.142657342657345, 5.443356643356645, 6.981818181818183, 6.142657342657345, 5.443356643356645, 9.4993006993007, 7.820979020979022, 8.660139860139862, 2.925874125874128, 6.981818181818183, 6.981818181818183, 4.604195804195806, 6.981818181818183, 5.443356643356645, 4.604195804195806, 6.142657342657345, 6.142657342657345, 7.820979020979022, 6.981818181818183, 7.820979020979022, 7.820979020979022, 8.660139860139862, 4.604195804195806, 6.981818181818183, 6.981818181818183, 8.660139860139862, 7.820979020979022, 6.981818181818183, 7.820979020979022, 7.820979020979022, 6.981818181818183, 7.820979020979022, 8.660139860139862, 8.660139860139862, 8.660139860139862, 6.981818181818183, 6.981818181818183, 8.660139860139862, 6.981818181818183, 7.820979020979022, 6.981818181818183, 8.660139860139862, 8.660139860139862, 8.660139860139862, 10.33846153846154, 7.820979020979022, 11.177622377622379, 9.4993006993007, 7.820979020979022, 8.660139860139862, 9.4993006993007, 6.981818181818183, 9.4993006993007, 6.981818181818183, 7.820979020979022, 8.660139860139862, 11.177622377622379, 9.4993006993007, 10.33846153846154, 12.01678321678322, 9.4993006993007], "y": [42.69662921348314, 41.01123595505618, 42.69662921348314, 37.78089887640449, 42.69662921348314, 41.01123595505618, 39.325842696629216, 40.168539325842694, 40.168539325842694, 41.01123595505618, 41.853932584269664, 41.01123595505618, 41.853932584269664, 45.2247191011236, 43.53932584269663, 43.53932584269663, 42.69662921348314, 45.2247191011236, 41.853932584269664, 42.69662921348314, 41.01123595505618, 41.853932584269664, 42.69662921348314, 41.853932584269664, 41.01123595505618, 43.53932584269663, 40.168539325842694, 41.01123595505618, 43.53932584269663, 43.53932584269663, 42.69662921348314, 43.53932584269663, 40.168539325842694, 41.853932584269664, 41.853932584269664, 41.853932584269664, 41.853932584269664, 43.53932584269663, 41.01123595505618, 41.01123595505618, 41.853932584269664, 41.853932584269664, 44.38202247191011, 43.53932584269663, 41.853932584269664, 41.01123595505618, 44.38202247191011, 43.53932584269663, 41.01123595505618, 42.69662921348314, 46.067415730337075, 43.53932584269663, 45.2247191011236, 46.067415730337075, 44.38202247191011, 46.76966292134831, 41.853932584269664, 43.53932584269663, 44.38202247191011, 44.38202247191011, 43.53932584269663, 41.853932584269664, 42.69662921348314, 43.53932584269663, 40.168539325842694, 42.69662921348314, 41.01123595505618, 41.853932584269664, 40.168539325842694, 42.69662921348314, 43.53932584269663, 41.853932584269664, 41.853932584269664, 44.38202247191011, 41.853932584269664, 42.69662921348314, 43.53932584269663, 41.853932584269664, 43.53932584269663, 41.853932584269664, 42.69662921348314, 43.53932584269663, 42.69662921348314, 42.69662921348314, 44.38202247191011, 43.53932584269663, 45.2247191011236, 43.53932584269663, 45.2247191011236, 46.067415730337075, 42.69662921348314, 45.2247191011236, 42.69662921348314, 43.53932584269663, 44.38202247191011, 42.69662921348314, 45.2247191011236, 44.38202247191011, 42.69662921348314, 43.53932584269663],