{"seconds": [1698972768, 1698972768, 1698972768, 1698972768, 1698972768, 1698972768, 1698972768, 1698972768, 1698972768, 1698972768, 1698972769, 1698972769, 1698972769, 1698972769, 1698972769, 1698972769, 1698972769, 1698972769, 1698972769, 1698972769, 1698972770, 1698972770, 1698972770, 1698972770, 1698972770, 1698972770, 1698972770, 1698972770, 1698972770, 1698972770, 1698972771, 1698972771, 1698972771, 1698972771, 1698972771, 1698972771, 1698972771, 1698972771, 1698972772, 1698972772, 1698972772, 1698972772, 1698972772, 1698972772, 1698972772, 1698972772, 1698972772, 1698972773, 1698972773, 1698972773, 1698972773, 1698972773, 1698972773, 1698972773, 1698972773, 1698972773, 1698972773, 1698972774, 1698972774, 1698972774, 1698972774, 1698972774, 1698972774, 1698972774, 1698972774, 1698972774, 1698972774, 1698972775, 1698972775, 1698972775, 1698972775, 1698972775, 1698972775, 1698972775, 1698972775, 1698972775, 1698972775, 1698972776, 1698972776, 1698972776, 1698972776, 1698972776, 1698972776, 1698972776, 1698972776, 1698972776, 1698972776, 1698972777, 1698972777, 1698972777, 1698972777, 1698972777, 1698972777, 1698972777, 1698972777, 1698972777, 1698972778, 1698972778, 1698972778, 1698972778], "nanosecs": [5828703, 104691202, 205778077, 305701686, 405764129, 505725927, 605713381, 705727762, 805748070, 905740092, 5737212, 105764346, 205529554, 305740686, 405727339, 505719925, 605710323, 705757274, 805713350, 904010516, 6052470, 105778136, 205656759, 305804731, 405848363, 505820934, 605735719, 704123022, 805832760, 905823814, 108763905, 205688930, 305825955, 405820260, 609105198, 705995337, 805835833, 905901481, 108938778, 205913047, 305863901, 405860188, 505762262, 605830092, 705850545, 805843612, 905895091, 5881089, 105823177, 205727843, 305862935, 405878899, 505842033, 605840195, 705879132, 805850088, 905723212, 5968030, 105850319, 205838915, 305726277, 405843049, 505869755, 605838885, 704349523, 805851402, 905868866, 5899335, 105858952, 205861504, 305921903, 405806365, 505909669, 605936614, 706936151, 805902267, 905414256, 4321267, 105894620, 205846635, 305849615, 405843027, 505975604, 605621106, 705780388, 805922667, 906153850, 5875928, 105908937, 205901827, 305849231, 405904978, 505850333, 709046733, 805911854, 905838527, 5852052, 105851185, 205863368, 304434580], "mag": {"x": [20.920000000000016, 20.920000000000016, 43.920000000000016, 43.920000000000016, 20.920000000000016, 14.920000000000016, 38.920000000000016, 43.920000000000016, 26.920000000000016, 26.920000000000016, 14.920000000000016, 20.920000000000016, 20.920000000000016, 32.920000000000016, 38.920000000000016, 32.920000000000016, 38.920000000000016, 32.920000000000016, 38.920000000000016, 32.920000000000016, 38.920000000000016, 26.920000000000016, 20.920000000000016, 26.920000000000016, 43.920000000000016, 43.920000000000016, 43.920000000000016, 14.920000000000016, 26.920000000000016, 32.920000000000016, 14.920000000000016, 43.920000000000016, 38.920000000000016, 32.920000000000016, 91.92000000000002, 132.92000000000002, 132.92000000000002, 167.92000000000002, 138.92000000000002, 280.92, 285.92, 309.92, 321.92, 315.92, 315.92, 268.92, 274.92, 291.92, 285.92, 285.92, 303.92, 291.92, 291.92, 291.92, 291.92, 286.92, 297.92, 297.92, 297.92, 291.92, 291.92, 291.92, 291.92, 297.92, 303.92, 285.92, 285.92, 297.92, 297.92, 291.92, 309.92, 297.92, 297.92, 297.92, 286.92, 286.92, 297.92, 291.92, 297.92, 303.92, 286.92, 303.92, 291.92, 215.92000000000002, 256.92, 350.92, 409.92, 362.92, 268.92, -115.07999999999998, -375.08, -522.0799999999999, -540.0799999999999, -581.0799999999999, -575.0799999999999, -540.0799999999999, -434.08, -381.08, -304.08, -280.08], "y": [-304.0, -310.0, -292.0, -292.0, -286.0, -304.0, -298.0, -304.0, -310.0, -298.0, -286.0, -292.0, -292.0, -304.0, -316.0, -274.0, -316.0, -304.0, -310.0, -286.0, -274.0, -298.0, -298.0, -286.0, -310.0, -292.0, -292.0, -280.0, -298.0, -304.0, -286.0, -298.0, -310.0, -304.0, -286.0, -298.0, -292.0, -274.0, -292.0, -204.0, -168.0, -91.0, -56.0, -68.0, -44.0, 27.0, 68.0, 68.0, 50.0, 50.0, 27.0, 74.0, 44.0, 44.0, 50.0, 68.0, 32.0, 50.0, 44.0, 50.0, 50.0, 62.0, 44.0, 62.0, 44.0, 38.0, 56.0, 44.0, 44.0, 44.0, 50.0, 50.0, 44.0, 50.0, 50.0, 56.0, 33.0, 56.0, 50.0, 44.0, 56.0, 56.0, 21.0, 9.0, -50.0, 174.0, 434.0, 493.0, 576.0, 581.0, 463.0, 328.0, 204.0, -32.0, -198.0, -239.0, -210.0, -186.0, -156.0, -174.0], "z": [-1174.0, -1186.0, -1180.0, -1174.0, -1180.0, -1174.0, -1174.0, -1180.0, -1168.0, -1186.0, -1174.0, -1180.0, -1180.0, -1180.0, -1174.0, -1186.0, -1180.0, -1180.0, -1168.0, -1192.0, -1192.0, -1174.0, -1174.0, -1167.0, -1180.0, -1168.0, -1192.0, -1192.0, -1174.0, -1192.0, -1186.0, -1168.0, -1174.0, -1162.0, -1180.0, -1174.0, -1180.0, -1162.0, -1174.0, -1162.0, -1167.0, -1168.0, -1180.0, -1174.0, -1186.0, -1204.0, -1180.0, -1192.0, -1192.0, -1180.0, -1180.0, -1174.0, -1174.0, -1174.0, -1186.0, -1180.0, -1180.0, -1180.0, -1192.0, -1186.0, -1192.0, -1186.0, -1186.0, -1180.0, -1168.0, -1198.0, -1168.0, -1186.0, -1174.0, -1174.0, -1186.0, -1204.0, -1210.0, -1180.0, -1192.0, -1180.0, -1186.0, -1174.0, -1180.0, -1192.0, -1186.0, -1180.0, -1199.0, -1204.0, -1192.0, -1113.0, -887.0, -844.0, -783.0, -899.0, -917.0, -936.0, -954.0, -960.0, -930.0, -936.0, -1039.0, -1106.0, -1143.0, -1167.0]}}