{"seconds": [1698972798, 1698972798, 1698972799, 1698972799, 1698972799, 1698972799, 1698972799, 1698972799, 1698972799, 1698972799, 1698972799, 1698972800, 1698972800, 1698972800, 1698972800, 1698972800, 1698972800, 1698972800, 1698972800, 1698972800, 1698972800, 1698972801, 1698972801, 1698972801, 1698972801, 1698972801, 1698972801, 1698972801, 1698972801, 1698972801, 1698972802, 1698972802, 1698972802, 1698972802, 1698972802, 1698972802, 1698972802, 1698972802, 1698972802, 1698972802, 1698972803, 1698972803, 1698972803, 1698972803, 1698972803, 1698972803, 1698972803, 1698972803, 1698972803, 1698972804, 1698972804, 1698972804, 1698972804, 1698972804, 1698972804, 1698972804, 1698972804, 1698972804, 1698972805, 1698972805, 1698972805, 1698972805, 1698972805, 1698972805, 1698972805, 1698972805, 1698972805, 1698972806, 1698972806, 1698972806, 1698972806, 1698972806, 1698972806, 1698972806, 1698972806, 1698972806, 1698972806, 1698972807, 1698972807, 1698972807, 1698972807, 1698972807, 1698972807, 1698972807, 1698972807, 1698972807, 1698972807, 1698972808, 1698972808, 1698972808, 1698972808, 1698972808, 1698972808, 1698972808, 1698972808, 1698972808, 1698972808, 1698972809, 1698972809, 1698972809], "nanosecs": [806030596, 904787996, 6036403, 106079491, 309577665, 406034137, 506095525, 606068144, 706010198, 806014973, 906066653, 6113270, 106079144, 206054610, 306047127, 406048644, 506092720, 606072862, 706102993, 806046687, 906057951, 6049173, 105946297, 206023650, 409292620, 506203410, 606020606, 706053709, 806035124, 906035887, 6036529, 106084250, 206047855, 306199174, 406038983, 506053007, 606031299, 706054889, 806050947, 906099055, 4590084, 106121706, 206137820, 306077346, 406095969, 505883743, 606073703, 706065119, 806052975, 9298974, 106101278, 204098463, 306153084, 406050204, 506222822, 707934722, 806053487, 906074860, 6216486, 106109434, 206093507, 306064773, 406077294, 506179469, 707265643, 804193545, 904044415, 4394623, 104080683, 206591944, 305367495, 406113221, 506084328, 606137431, 705951330, 804427090, 906028373, 5296711, 105080167, 204175000, 305687217, 406190997, 506303224, 606105313, 706186882, 804601324, 905790796, 6232917, 105533047, 204637496, 305914945, 403959648, 504063018, 604218697, 706615510, 804376471, 906895647, 5000621, 105276856, 205125990], "mag": {"x": [-705.0799999999999, -711.0799999999999, -682.0799999999999, -587.0799999999999, -74.07999999999998, 167.92000000000002, 297.92, 439.92, 539.9200000000001, 711.9200000000001, 699.9200000000001, 693.9200000000001, 693.9200000000001, 705.9200000000001, 675.9200000000001, 669.9200000000001, 669.9200000000001, 669.9200000000001, 693.9200000000001, 675.9200000000001, 687.9200000000001, 663.9200000000001, 669.9200000000001, 675.9200000000001, 675.9200000000001, 681.9200000000001, 669.9200000000001, 663.9200000000001, 663.9200000000001, 669.9200000000001, 675.9200000000001, 663.9200000000001, 657.9200000000001, 687.9200000000001, 663.9200000000001, 675.9200000000001, 669.9200000000001, 669.9200000000001, 675.9200000000001, 675.9200000000001, 669.9200000000001, 669.9200000000001, 681.9200000000001, 675.9200000000001, 681.9200000000001, 675.9200000000001, 669.9200000000001, 675.9200000000001, 669.9200000000001, 669.9200000000001, 675.9200000000001, 681.9200000000001, 675.9200000000001, 669.9200000000001, 687.9200000000001, 675.9200000000001, 669.9200000000001, 675.9200000000001, 681.9200000000001, 687.9200000000001, 687.9200000000001, 652.9200000000001, 669.9200000000001, 657.9200000000001, 663.9200000000001, 669.9200000000001, 669.9200000000001, 663.9200000000001, 669.9200000000001, 669.9200000000001, 663.9200000000001, 652.9200000000001, 657.9200000000001, 681.9200000000001, 669.9200000000001, 663.9200000000001, 663.9200000000001, 681.9200000000001, 669.9200000000001, 669.9200000000001, 663.9200000000001, 669.9200000000001, 675.9200000000001, 669.9200000000001, 663.9200000000001, 669.9200000000001, 657.9200000000001, 675.9200000000001, 681.9200000000001, 657.9200000000001, 675.9200000000001, 669.9200000000001, 669.9200000000001, 663.9200000000001, 687.9200000000001, 657.9200000000001, 681.9200000000001, 652.9200000000001, 663.9200000000001, 687.9200000000001], "y": [32.0, 32.0, 38.0, 103.0, 62.0, 44.0, 9.0, -27.0, -97.0, -56.0, 27.0, 21.0, 56.0, -9.0, -21.0, 21.0, 50.0, 44.0, 44.0, 32.0, 44.0, 44.0, 38.0, 44.0, 44.0, 56.0, 44.0, 44.0, 44.0, 44.0, 44.0, 44.0, 50.0, 33.0, 62.0, 33.0, 50.0, 56.0, 32.0, 27.0, 38.0, 44.0, 32.0, 38.0, 38.0, 33.0, 50.0, 38.0, 15.0, 33.0, 27.0, 27.0, 21.0, 50.0, 33.0, 38.0, 33.0, 44.0, 38.0, 44.0, 44.0, 56.0, 44.0, 50.0, 27.0, 50.0, 50.0, 62.0, 38.0, 44.0, 27.0, 62.0, 38.0, 27.0, 27.0, 44.0, 44.0, 50.0, 38.0, 56.0, 38.0, 56.0, 56.0, 38.0, 44.0, 33.0, 50.0, 62.0, 50.0, 32.0, 50.0, 38.0, 33.0, 38.0, 38.0, 44.0, 44.0, 33.0, 38.0, 38.0], "z": [-807.0, -801.0, -826.0, -948.0, -1222.0, -1222.0, -1173.0, -1076.0, -948.0, -563.0, -308.0, -344.0, -247.0, -241.0, -173.0, -167.0, -167.0, -149.0, -173.0, -149.0, -173.0, -143.0, -161.0, -155.0, -143.0, -149.0, -155.0, -149.0, -167.0, -149.0, -155.0, -143.0, -161.0, -167.0, -155.0, -149.0, -161.0, -173.0, -149.0, -161.0, -173.0, -155.0, -143.0, -161.0, -137.0, -161.0, -161.0, -161.0, -149.0, -173.0, -173.0, -149.0, -161.0, -155.0, -143.0, -167.0, -173.0, -155.0, -167.0, -143.0, -143.0, -155.0, -167.0, -161.0, -167.0, -173.0, -161.0, -155.0, -155.0, -161.0, -137.0, -161.0, -136.0, -149.0, -149.0, -155.0, -155.0, -149.0, -155.0, -130.0, -155.0, -143.0, -167.0, -155.0, -161.0, -161.0, -155.0, -142.0, -149.0, -137.0, -137.0, -137.0, -136.0, -136.0, -149.0, -155.0, -143.0, -155.0, -161.0, -137.0]}}