{"seconds": [1698972422, 1698972422, 1698972422, 1698972423, 1698972423, 1698972423, 1698972423, 1698972423, 1698972423, 1698972423, 1698972423, 1698972423, 1698972424, 1698972424, 1698972424, 1698972424, 1698972424, 1698972424, 1698972424, 1698972424, 1698972424, 1698972424, 1698972425, 1698972425, 1698972425, 1698972425, 1698972425, 1698972425, 1698972425, 1698972425, 1698972425, 1698972425, 1698972426, 1698972426, 1698972426, 1698972426, 1698972426, 1698972426, 1698972426, 1698972426, 1698972426, 1698972427, 1698972427, 1698972427, 1698972427, 1698972427, 1698972427, 1698972427, 1698972427, 1698972427, 1698972427, 1698972428, 1698972428, 1698972428, 1698972428, 1698972428, 1698972428, 1698972428, 1698972428, 1698972428, 1698972428, 1698972429, 1698972429, 1698972429, 1698972429, 1698972429, 1698972429, 1698972429, 1698972429, 1698972429, 1698972430, 1698972430, 1698972430, 1698972430, 1698972430, 1698972430, 1698972430, 1698972430, 1698972430, 1698972431, 1698972431, 1698972431, 1698972431, 1698972431, 1698972431, 1698972431, 1698972431, 1698972431, 1698972431, 1698972432, 1698972432, 1698972432, 1698972432, 1698972432, 1698972432, 1698972432, 1698972432, 1698972432, 1698972432, 1698972433], "nanosecs": [765373420, 863505100, 965294005, 65325307, 266326885, 364636411, 465118016, 565137957, 664642656, 763258220, 863560905, 963547155, 64632653, 163521046, 263173119, 363077588, 463097006, 564645445, 664998398, 764524723, 863531968, 964941185, 65320974, 165483686, 265591130, 363636268, 463628601, 565201661, 663554985, 763473236, 865360617, 963912010, 65323641, 163987782, 265120391, 366215902, 464550542, 666849775, 763408980, 864467246, 965223211, 65137476, 164485037, 265109037, 364421336, 463730400, 564232800, 662689123, 763838489, 865361265, 965432392, 63884957, 163102177, 265358279, 365277613, 465061208, 565287790, 665255458, 764863308, 865331744, 965141336, 65200390, 165285573, 265423281, 365297667, 464970342, 565239562, 665368643, 763970270, 965695818, 63861892, 163893722, 263574826, 363542684, 463559243, 563814921, 664411150, 765283807, 967503227, 65299951, 165319732, 264145709, 364882134, 464103225, 564679303, 663455197, 763927895, 863218844, 965369565, 64967748, 163666764, 265298180, 365708488, 465197168, 565165679, 664004613, 763282223, 863732579, 963426859, 65391341], "mag": {"x": [201.67171717171715, 201.67171717171715, 207.67171717171715, 201.67171717171715, 184.67171717171715, 201.67171717171715, 195.67171717171715, 207.67171717171715, 207.67171717171715, 201.67171717171715, 219.67171717171715, 195.67171717171715, 213.67171717171715, 189.67171717171715, 219.67171717171715, 207.67171717171715, 219.67171717171715, 190.67171717171715, 219.67171717171715, 190.67171717171715, 190.67171717171715, 195.67171717171715, 201.67171717171715, 195.67171717171715, 207.67171717171715, 207.67171717171715, 207.67171717171715, 195.67171717171715, 219.67171717171715, 195.67171717171715, 207.67171717171715, 190.67171717171715, 201.67171717171715, 195.67171717171715, 201.67171717171715, 201.67171717171715, 201.67171717171715, 190.67171717171715, 195.67171717171715, 190.67171717171715, 190.67171717171715, 201.67171717171715, 190.67171717171715, 207.67171717171715, 201.67171717171715, 195.67171717171715, 201.67171717171715, 195.67171717171715, 213.67171717171715, 190.67171717171715, 213.67171717171715, 201.67171717171715, 219.67171717171715, 195.67171717171715, 213.67171717171715, 201.67171717171715, 195.67171717171715, 207.67171717171715, 201.67171717171715, 201.67171717171715, 195.67171717171715, 190.67171717171715, 201.67171717171715, 213.67171717171715, 195.67171717171715, 195.67171717171715, 201.67171717171715, 201.67171717171715, 213.67171717171715, 201.67171717171715, 184.67171717171715, 207.67171717171715, 219.67171717171715, 195.67171717171715, 195.67171717171715, 201.67171717171715, 207.67171717171715, 195.67171717171715, 201.67171717171715, 207.67171717171715, 207.67171717171715, 219.67171717171715, 207.67171717171715, 207.67171717171715, 219.67171717171715, 201.67171717171715, 219.67171717171715, 195.67171717171715, 213.67171717171715, 207.67171717171715, 213.67171717171715, 201.67171717171715, 195.67171717171715, 190.67171717171715, 190.67171717171715, 190.67171717171715, 190.67171717171715, 213.67171717171715, 190.67171717171715, 190.67171717171715], "y": [-86.74242424242425, -68.74242424242425, -86.74242424242425, -68.74242424242425, -92.74242424242425, -74.74242424242425, -62.74242424242425, -92.74242424242425, -80.74242424242425, -74.74242424242425, -80.74242424242425, -62.74242424242425, -74.74242424242425, -80.74242424242425, -86.74242424242425, -74.74242424242425, -68.74242424242425, -68.74242424242425, -80.74242424242425, -86.74242424242425, -104.74242424242425, -74.74242424242425, -92.74242424242425, -74.74242424242425, -74.74242424242425, -80.74242424242425, -98.74242424242425, -92.74242424242425, -86.74242424242425, -80.74242424242425, -98.74242424242425, -86.74242424242425, -80.74242424242425, -80.74242424242425, -74.74242424242425, -86.74242424242425, -80.74242424242425, -74.74242424242425, -80.74242424242425, -80.74242424242425, -80.74242424242425, -68.74242424242425, -80.74242424242425, -92.74242424242425, -68.74242424242425, -74.74242424242425, -74.74242424242425, -80.74242424242425, -80.74242424242425, -80.74242424242425, -80.74242424242425, -98.74242424242425, -74.74242424242425, -86.74242424242425, -86.74242424242425, -74.74242424242425, -80.74242424242425, -86.74242424242425, -92.74242424242425, -86.74242424242425, -86.74242424242425, -74.74242424242425, -80.74242424242425, -74.74242424242425, -92.74242424242425, -92.74242424242425, -92.74242424242425, -62.74242424242425, -80.74242424242425, -80.74242424242425, -86.74242424242425, -51.74242424242425, -98.74242424242425, -80.74242424242425, -74.74242424242425, -51.74242424242425, -74.74242424242425, -92.74242424242425, -86.74242424242425, -74.74242424242425, -86.74242424242425, -80.74242424242425, -74.74242424242425, -62.74242424242425, -68.74242424242425, -92.74242424242425, -92.74242424242425, -56.74242424242425, -86.74242424242425, -68.74242424242425, -80.74242424242425, -62.74242424242425, -98.74242424242425, -80.74242424242425, -74.74242424242425, -80.74242424242425, -74.74242424242425, -92.74242424242425, -74.74242424242425, -74.74242424242425],