{"seconds": [1698973149, 1698973149, 1698973149, 1698973150, 1698973150, 1698973150, 1698973150, 1698973150, 1698973150, 1698973150, 1698973150, 1698973150, 1698973150, 1698973151, 1698973151, 1698973151, 1698973151, 1698973151, 1698973151, 1698973151, 1698973151, 1698973151, 1698973151, 1698973152, 1698973152, 1698973152, 1698973152, 1698973152, 1698973152, 1698973152, 1698973152, 1698973153, 1698973153, 1698973153, 1698973153, 1698973153, 1698973153, 1698973153, 1698973153, 1698973153, 1698973154, 1698973154, 1698973154, 1698973154, 1698973154, 1698973154, 1698973154, 1698973154, 1698973154, 1698973155, 1698973155, 1698973155, 1698973155, 1698973155, 1698973155, 1698973155, 1698973155, 1698973155, 1698973156, 1698973156, 1698973156, 1698973156, 1698973156, 1698973156, 1698973156, 1698973156, 1698973156, 1698973156, 1698973157, 1698973157, 1698973157, 1698973157, 1698973157, 1698973157, 1698973157, 1698973157, 1698973157, 1698973158, 1698973158, 1698973158, 1698973158, 1698973158, 1698973158, 1698973158, 1698973158, 1698973158, 1698973158, 1698973159, 1698973159, 1698973159, 1698973159, 1698973159, 1698973159, 1698973159, 1698973159, 1698973159, 1698973159, 1698973160, 1698973160, 1698973160], "nanosecs": [786601630, 886400580, 986400994, 86359307, 186356160, 286463331, 386439484, 486451591, 586369514, 686206508, 786616395, 886348313, 986363557, 86353946, 186390214, 286394603, 386393399, 486381750, 584852752, 686330973, 786812609, 886312318, 986505141, 86430241, 186420945, 286455205, 386459426, 486536902, 586521499, 686488599, 786521592, 92232643, 186595958, 286120273, 386482083, 486415679, 688494277, 786609601, 886439015, 986437111, 189539219, 286424466, 386435440, 486440020, 586448193, 686438264, 786130512, 886423632, 986458615, 86459900, 186454211, 286355519, 386159970, 486446568, 690029911, 786647373, 886473646, 984972583, 86512965, 186486861, 286505582, 386374009, 486377531, 586378125, 686513232, 786361469, 886521811, 986359055, 86527011, 186349556, 286352853, 386393312, 486359059, 688379523, 785111623, 886528648, 986449910, 86529656, 186517698, 286506352, 386409602, 486556101, 586488901, 686429933, 786461724, 886666734, 986544263, 86511146, 186533759, 286509175, 386478385, 486400578, 586388721, 686478565, 786601531, 886517502, 986217730, 86503803, 186322187, 286495633], "mag": {"x": [8.660139860139862, 8.660139860139862, 8.660139860139862, 6.981818181818183, 6.981818181818183, 6.142657342657345, 5.443356643356645, 5.443356643356645, 6.142657342657345, 7.820979020979022, 9.4993006993007, 7.820979020979022, 5.443356643356645, 6.282517482517484, 7.820979020979022, 7.820979020979022, 6.981818181818183, 6.981818181818183, 6.282517482517484, 6.981818181818183, 7.820979020979022, 6.282517482517484, 6.981818181818183, 7.820979020979022, 8.660139860139862, 7.820979020979022, 7.820979020979022, 6.981818181818183, 8.660139860139862, 6.981818181818183, 9.4993006993007, 9.4993006993007, 6.981818181818183, 7.820979020979022, 8.660139860139862, 7.820979020979022, 6.142657342657345, 6.981818181818183, 7.820979020979022, 6.981818181818183, 5.443356643356645, 8.660139860139862, 7.820979020979022, 6.981818181818183, 6.142657342657345, 8.660139860139862, 7.820979020979022, 6.142657342657345, 4.604195804195806, 6.142657342657345, 6.142657342657345, 4.604195804195806, 6.142657342657345, 7.820979020979022, 5.443356643356645, 3.765034965034967, 5.443356643356645, 6.981818181818183, 6.282517482517484, 6.282517482517484, 6.282517482517484, 7.820979020979022, 5.443356643356645, 5.443356643356645, 6.981818181818183, 5.443356643356645, 6.981818181818183, 8.660139860139862, 9.4993006993007, 7.820979020979022, 6.981818181818183, 8.660139860139862, 8.660139860139862, 6.981818181818183, 8.660139860139862, 7.820979020979022, 8.660139860139862, 6.981818181818183, 6.142657342657345, 8.660139860139862, 10.33846153846154, 6.981818181818183, 6.981818181818183, 6.981818181818183, 8.660139860139862, 6.981818181818183, 7.820979020979022, 6.981818181818183, 7.820979020979022, 6.981818181818183, 4.604195804195806, 6.282517482517484, 5.443356643356645, 9.4993006993007, 6.282517482517484, 7.820979020979022, 6.981818181818183, 9.4993006993007, 8.660139860139862, 6.981818181818183], "y": [41.853932584269664, 43.53932584269663, 43.53932584269663, 41.853932584269664, 41.853932584269664, 40.168539325842694, 41.01123595505618, 39.325842696629216, 39.325842696629216, 37.78089887640449, 41.01123595505618, 40.168539325842694, 41.01123595505618, 38.48314606741573, 41.01123595505618, 41.01123595505618, 39.325842696629216, 38.48314606741573, 40.168539325842694, 40.168539325842694, 41.01123595505618, 42.69662921348314, 41.853932584269664, 41.853932584269664, 39.325842696629216, 42.69662921348314, 43.53932584269663, 39.325842696629216, 43.53932584269663, 42.69662921348314, 42.69662921348314, 43.53932584269663, 41.01123595505618, 40.168539325842694, 38.48314606741573, 39.325842696629216, 43.53932584269663, 39.325842696629216, 42.69662921348314, 38.48314606741573, 38.48314606741573, 43.53932584269663, 41.853932584269664, 40.168539325842694, 41.853932584269664, 41.853932584269664, 42.69662921348314, 41.01123595505618, 40.168539325842694, 40.168539325842694, 42.69662921348314, 41.853932584269664, 41.853932584269664, 39.325842696629216, 41.853932584269664, 41.01123595505618, 42.69662921348314, 42.69662921348314, 41.853932584269664, 41.01123595505618, 43.53932584269663, 41.01123595505618, 41.01123595505618, 41.01123595505618, 41.01123595505618, 41.853932584269664, 41.853932584269664, 41.853932584269664, 41.01123595505618, 41.853932584269664, 46.067415730337075, 43.53932584269663, 41.853932584269664, 42.69662921348314, 41.853932584269664, 39.325842696629216, 41.853932584269664, 41.853932584269664, 42.69662921348314, 43.53932584269663, 42.69662921348314, 43.53932584269663, 41.853932584269664, 41.853932584269664, 41.853932584269664, 41.01123595505618, 44.38202247191011, 42.69662921348314, 41.853932584269664, 41.01123595505618, 41.853932584269664, 41.853932584269664, 42.69662921348314, 41.853932584269664, 43.53932584269663, 42.69662921348314, 41.853932584269664, 41.01123595505618, 43.53932584269663, 46.067415730337075],