{"seconds": [1698972985, 1698972985, 1698972985, 1698972985, 1698972985, 1698972986, 1698972986, 1698972986, 1698972986, 1698972986, 1698972986, 1698972986, 1698972986, 1698972986, 1698972986, 1698972987, 1698972987, 1698972987, 1698972987, 1698972987, 1698972987, 1698972987, 1698972987, 1698972987, 1698972988, 1698972988, 1698972988, 1698972988, 1698972988, 1698972988, 1698972988, 1698972988, 1698972988, 1698972988, 1698972989, 1698972989, 1698972989, 1698972989, 1698972989, 1698972989, 1698972989, 1698972989, 1698972989, 1698972990, 1698972990, 1698972990, 1698972990, 1698972990, 1698972990, 1698972990, 1698972990, 1698972990, 1698972991, 1698972991, 1698972991, 1698972991, 1698972991, 1698972991, 1698972991, 1698972991, 1698972991, 1698972991, 1698972992, 1698972992, 1698972992, 1698972992, 1698972992, 1698972992, 1698972992, 1698972992, 1698972992, 1698972992, 1698972993, 1698972993, 1698972993, 1698972993, 1698972993, 1698972993, 1698972993, 1698972993, 1698972993, 1698972993, 1698972994, 1698972994, 1698972994, 1698972994, 1698972994, 1698972994, 1698972994, 1698972994, 1698972994, 1698972994, 1698972995, 1698972995, 1698972995, 1698972995, 1698972995, 1698972995, 1698972995, 1698972995], "nanosecs": [507335479, 608261968, 708212657, 808194162, 907859988, 8075745, 108071003, 208229086, 308325858, 408362571, 508244363, 608258843, 708293234, 808367652, 908209160, 111454367, 208310689, 308216370, 408296450, 508198001, 608330348, 708163585, 808269265, 908278811, 8222150, 108232427, 208264982, 308269596, 407923198, 506873857, 608268875, 708250344, 808459068, 908346553, 8311082, 108401621, 208312753, 308253577, 408348392, 508391029, 608218522, 708375577, 910270634, 8239966, 108099921, 208346707, 410472571, 506367949, 608401788, 707246236, 808305213, 907204585, 8419851, 108176540, 208412177, 308275724, 408384391, 508288346, 608389528, 708241265, 808269673, 908381877, 8385033, 108397028, 208267650, 308393721, 408335722, 506939618, 608403999, 708402094, 807187663, 908155508, 8397122, 107614445, 208427960, 308229937, 408400626, 508093578, 608359974, 708141385, 808346174, 908513821, 8501056, 108489594, 208370649, 308390326, 408259328, 508294605, 608295457, 708301729, 808386584, 908436179, 7180495, 108392453, 208455715, 308403841, 408357279, 508047466, 608278959, 708274337], "mag": {"x": [39.98881118881119, 41.667132867132864, 42.506293706293704, 42.506293706293704, 40.82797202797203, 43.345454545454544, 44.184615384615384, 41.667132867132864, 41.667132867132864, 41.667132867132864, 43.345454545454544, 39.98881118881119, 39.28951048951049, 42.506293706293704, 42.506293706293704, 41.667132867132864, 40.82797202797203, 41.667132867132864, 42.506293706293704, 39.98881118881119, 42.506293706293704, 41.667132867132864, 41.667132867132864, 42.506293706293704, 40.82797202797203, 40.82797202797203, 42.506293706293704, 48.24055944055944, 67.26153846153846, 89.63916083916085, 97.89090909090909, 100.26853146853148, 99.42937062937064, 103.62517482517482, 101.94685314685316, 97.89090909090909, 93.6951048951049, 95.37342657342658, 92.01678321678322, 92.85594405594406, 92.85594405594406, 93.6951048951049, 92.85594405594406, 92.85594405594406, 92.85594405594406, 95.37342657342658, 92.01678321678322, 92.01678321678322, 93.6951048951049, 93.6951048951049, 94.53426573426574, 94.53426573426574, 94.53426573426574, 92.85594405594406, 92.01678321678322, 94.53426573426574, 92.85594405594406, 91.17762237762238, 92.85594405594406, 95.37342657342658, 92.01678321678322, 96.21258741258742, 93.6951048951049, 93.6951048951049, 95.37342657342658, 92.01678321678322, 92.85594405594406, 93.6951048951049, 94.53426573426574, 92.85594405594406, 82.92587412587413, 77.1916083916084, 75.51328671328672, 71.45734265734265, 74.67412587412588, 72.2965034965035, 72.2965034965035, 68.93986013986014, 71.45734265734265, 69.77902097902098, 73.13566433566434, 71.45734265734265, 73.13566433566434, 68.1006993006993, 71.45734265734265, 69.77902097902098, 68.93986013986014, 68.1006993006993, 68.93986013986014, 68.93986013986014, 69.77902097902098, 73.13566433566434, 91.17762237762238, 87.12167832167833, 83.76503496503497, 68.1006993006993, 39.28951048951049, 21.946853146853147, -0.4307692307692285, -2.808391608391606], "y": [6.179775280898876, 5.337078651685393, 7.022471910112359, 7.022471910112359, 7.022471910112359, 4.49438202247191, 7.022471910112359, 4.49438202247191, 6.179775280898876, 5.337078651685393, 6.179775280898876, 7.865168539325842, 7.022471910112359, 4.49438202247191, 6.179775280898876, 5.337078651685393, 7.022471910112359, 7.022471910112359, 5.337078651685393, 6.179775280898876, 6.179775280898876, 7.022471910112359, 7.022471910112359, 8.707865168539326, 9.55056179775281, 7.865168539325842, 9.55056179775281, 10.393258426966291, 11.235955056179774, 7.022471910112359, -1.2640449438202248, 2.9494382022471908, 1.2640449438202248, 2.106741573033708, 2.106741573033708, 2.9494382022471908, 2.9494382022471908, 2.106741573033708, 4.49438202247191, 5.337078651685393, 6.179775280898876, 6.179775280898876, 3.792134831460674, 3.792134831460674, 7.022471910112359, 4.49438202247191, 5.337078651685393, 6.179775280898876, 4.49438202247191, 7.022471910112359, 7.022471910112359, 4.49438202247191, 5.337078651685393, 4.49438202247191, 3.792134831460674, 5.337078651685393, 4.49438202247191, 5.337078651685393, 4.49438202247191, 4.49438202247191, 8.707865168539326, 5.337078651685393, 4.49438202247191, 3.792134831460674, 7.022471910112359, 7.022471910112359, 2.9494382022471908, 6.179775280898876, 13.623595505617978, 25.280898876404493, 45.2247191011236, 50.140449438202246, 52.668539325842694, 53.51123595505618, 50.140449438202246, 55.89887640449438, 55.056179775280896, 52.668539325842694, 53.51123595505618, 55.89887640449438, 57.58426966292135, 55.89887640449438, 53.51123595505618, 52.668539325842694, 58.42696629213483, 56.741573033707866, 57.58426966292135, 60.95505617977528, 59.26966292134831, 61.79775280898876, 55.19662921348314, 52.668539325842694, 21.91011235955056, -28.651685393258425, -38.48314606741573, -60.1123595505618, -71.76966292134831, -71.76966292134831, -70.08426966292134, -58.42696629213483],