{"seconds": [1698972809, 1698972809, 1698972809, 1698972809, 1698972809, 1698972809, 1698972809, 1698972810, 1698972810, 1698972810, 1698972810, 1698972810, 1698972810, 1698972810, 1698972810, 1698972810, 1698972810, 1698972811, 1698972811, 1698972811, 1698972811, 1698972811, 1698972811, 1698972811, 1698972811, 1698972811, 1698972812, 1698972812, 1698972812, 1698972812, 1698972812, 1698972812, 1698972812, 1698972812, 1698972812, 1698972812, 1698972813, 1698972813, 1698972813, 1698972813, 1698972813, 1698972813, 1698972813, 1698972813, 1698972813, 1698972813, 1698972814, 1698972814, 1698972814, 1698972814, 1698972814, 1698972814, 1698972814, 1698972814, 1698972814, 1698972815, 1698972815, 1698972815, 1698972815, 1698972815, 1698972815, 1698972815, 1698972815, 1698972815, 1698972815, 1698972816, 1698972816, 1698972816, 1698972816, 1698972816, 1698972816, 1698972816, 1698972816, 1698972816, 1698972816, 1698972817, 1698972817, 1698972817, 1698972817, 1698972817, 1698972817, 1698972817, 1698972817, 1698972817, 1698972817, 1698972818, 1698972818, 1698972818, 1698972818, 1698972818, 1698972818, 1698972818, 1698972818, 1698972818, 1698972818, 1698972819, 1698972819, 1698972819, 1698972819, 1698972819], "nanosecs": [305374676, 405927377, 505790467, 605665926, 706224092, 805742048, 906012078, 6058362, 106174001, 205805737, 305981391, 406065834, 504510158, 606134800, 706110739, 803992671, 905736801, 107993016, 204241200, 306077112, 406020860, 506000336, 604078349, 705765478, 805694512, 905858963, 5823214, 104107751, 205600319, 305614561, 405760305, 504151680, 606235300, 704662670, 804399970, 906093404, 5869647, 104629052, 204519248, 304474620, 406094130, 506287796, 605177270, 706274518, 804382177, 904314828, 5108317, 106246730, 205793268, 305184783, 406194406, 504786262, 707925771, 804341460, 906236268, 5093663, 106144262, 206239185, 306211519, 406340986, 504377762, 605196800, 704133206, 806690180, 906283574, 6372639, 106215551, 206136914, 306315020, 406219620, 506220146, 606217401, 705965617, 806007920, 906309026, 6319017, 105635815, 205861157, 306307559, 406317504, 506207709, 604721534, 705907190, 804405451, 906193126, 6214477, 105342175, 206227631, 306322125, 405870576, 506132703, 605118619, 706093158, 804942511, 905696478, 4197940, 105008777, 206219430, 306223516, 406288291], "mag": {"x": [657.9200000000001, 669.9200000000001, 663.9200000000001, 669.9200000000001, 681.9200000000001, 675.9200000000001, 669.9200000000001, 663.9200000000001, 675.9200000000001, 675.9200000000001, 669.9200000000001, 669.9200000000001, 669.9200000000001, 663.9200000000001, 669.9200000000001, 669.9200000000001, 663.9200000000001, 675.9200000000001, 663.9200000000001, 669.9200000000001, 663.9200000000001, 669.9200000000001, 681.9200000000001, 657.9200000000001, 687.9200000000001, 675.9200000000001, 675.9200000000001, 657.9200000000001, 669.9200000000001, 669.9200000000001, 669.9200000000001, 669.9200000000001, 669.9200000000001, 669.9200000000001, 663.9200000000001, 669.9200000000001, 657.9200000000001, 669.9200000000001, 663.9200000000001, 663.9200000000001, 663.9200000000001, 657.9200000000001, 675.9200000000001, 687.9200000000001, 669.9200000000001, 669.9200000000001, 663.9200000000001, 669.9200000000001, 663.9200000000001, 681.9200000000001, 657.9200000000001, 663.9200000000001, 669.9200000000001, 675.9200000000001, 663.9200000000001, 663.9200000000001, 669.9200000000001, 675.9200000000001, 669.9200000000001, 681.9200000000001, 663.9200000000001, 669.9200000000001, 675.9200000000001, 669.9200000000001, 663.9200000000001, 669.9200000000001, 675.9200000000001, 669.9200000000001, 663.9200000000001, 675.9200000000001, 675.9200000000001, 669.9200000000001, 669.9200000000001, 669.9200000000001, 663.9200000000001, 669.9200000000001, 669.9200000000001, 669.9200000000001, 663.9200000000001, 687.9200000000001, 669.9200000000001, 663.9200000000001, 675.9200000000001, 675.9200000000001, 663.9200000000001, 681.9200000000001, 657.9200000000001, 675.9200000000001, 663.9200000000001, 663.9200000000001, 658.9200000000001, 675.9200000000001, 657.9200000000001, 663.9200000000001, 681.9200000000001, 675.9200000000001, 669.9200000000001, 669.9200000000001, 675.9200000000001, 669.9200000000001], "y": [56.0, 38.0, 33.0, 33.0, 21.0, 33.0, 27.0, 50.0, 27.0, 50.0, 21.0, 44.0, 27.0, 44.0, 38.0, 27.0, 44.0, 38.0, 44.0, 38.0, 27.0, 38.0, 44.0, 32.0, 33.0, 32.0, 44.0, 38.0, 27.0, 38.0, 38.0, 27.0, 33.0, 27.0, 33.0, 27.0, 32.0, 50.0, 38.0, 21.0, 50.0, 44.0, 33.0, 44.0, 32.0, 33.0, 38.0, 50.0, 33.0, 38.0, 44.0, 27.0, 38.0, 27.0, 33.0, 50.0, 38.0, 27.0, 33.0, 33.0, 27.0, 33.0, 56.0, 56.0, 44.0, 27.0, 44.0, 44.0, 50.0, 50.0, 27.0, 27.0, 33.0, 33.0, 27.0, 27.0, 27.0, 38.0, 38.0, 38.0, 27.0, 33.0, 38.0, 50.0, 38.0, 33.0, 44.0, 38.0, 44.0, 44.0, 33.0, 38.0, 21.0, 33.0, 38.0, 33.0, 38.0, 33.0, 38.0, 44.0], "z": [-161.0, -155.0, -155.0, -143.0, -143.0, -143.0, -149.0, -137.0, -155.0, -143.0, -155.0, -161.0, -137.0, -149.0, -143.0, -143.0, -137.0, -137.0, -155.0, -155.0, -161.0, -161.0, -149.0, -137.0, -155.0, -149.0, -155.0, -143.0, -149.0, -155.0, -130.0, -137.0, -149.0, -155.0, -167.0, -155.0, -143.0, -149.0, -155.0, -167.0, -179.0, -155.0, -155.0, -137.0, -161.0, -173.0, -161.0, -143.0, -167.0, -149.0, -149.0, -149.0, -161.0, -155.0, -137.0, -155.0, -149.0, -143.0, -149.0, -149.0, -161.0, -155.0, -155.0, -161.0, -137.0, -149.0, -149.0, -167.0, -130.0, -143.0, -143.0, -136.0, -149.0, -143.0, -124.0, -142.0, -142.0, -155.0, -137.0, -149.0, -155.0, -161.0, -155.0, -155.0, -149.0, -155.0, -149.0, -167.0, -143.0, -155.0, -155.0, -136.0, -143.0, -149.0, -161.0, -143.0, -155.0, -149.0, -155.0, -149.0]}}