{"seconds": [1698972454, 1698972454, 1698972454, 1698972454, 1698972454, 1698972454, 1698972454, 1698972454, 1698972454, 1698972455, 1698972455, 1698972455, 1698972455, 1698972455, 1698972455, 1698972455, 1698972455, 1698972455, 1698972456, 1698972456, 1698972456, 1698972456, 1698972456, 1698972456, 1698972456, 1698972456, 1698972456, 1698972456, 1698972457, 1698972457, 1698972457, 1698972457, 1698972457, 1698972457, 1698972457, 1698972457, 1698972457, 1698972457, 1698972458, 1698972458, 1698972458, 1698972458, 1698972458, 1698972458, 1698972458, 1698972458, 1698972458, 1698972458, 1698972459, 1698972459, 1698972459, 1698972459, 1698972459, 1698972459, 1698972459, 1698972459, 1698972459, 1698972459, 1698972460, 1698972460, 1698972460, 1698972460, 1698972460, 1698972460, 1698972460, 1698972460, 1698972460, 1698972460, 1698972461, 1698972461, 1698972461, 1698972461, 1698972461, 1698972461, 1698972461, 1698972461, 1698972461, 1698972462, 1698972462, 1698972462, 1698972462, 1698972462, 1698972462, 1698972462, 1698972462, 1698972462, 1698972463, 1698972463, 1698972463, 1698972463, 1698972463, 1698972463, 1698972463, 1698972463, 1698972463, 1698972463, 1698972464, 1698972464, 1698972464, 1698972464], "nanosecs": [164150127, 264224205, 364059527, 464224590, 564059975, 664160802, 764157876, 864138570, 964043687, 64077581, 266216507, 364156941, 464153536, 564285607, 663923176, 764294630, 864202395, 964170395, 64252712, 164240043, 264159159, 364212383, 464296961, 563958524, 664248184, 764023777, 862593272, 963453693, 62301866, 163828737, 264260425, 364287753, 464061788, 564230403, 664294390, 763796391, 864479098, 963805418, 64455948, 164002354, 264361641, 364364059, 464240133, 564405368, 665421315, 762489934, 864588246, 964320454, 64569948, 164407947, 264593375, 364027574, 463805755, 564577470, 665444771, 764337740, 862386475, 963964036, 66639633, 163449789, 263451328, 363537538, 463878728, 565049329, 663745719, 762445558, 862430238, 964475410, 65563730, 165009959, 264449430, 364571982, 465151648, 564245692, 664067439, 875618705, 964235305, 62475690, 162424802, 264030686, 364451278, 464185114, 564658697, 663829390, 864612941, 962539907, 63480950, 162389824, 264090319, 363956167, 463791946, 563866203, 662478593, 765006504, 864716443, 964117851, 64267177, 162857854, 265235704, 364255091], "mag": {"x": [190.67171717171715, 207.67171717171715, 207.67171717171715, 207.67171717171715, 207.67171717171715, 195.67171717171715, 195.67171717171715, 195.67171717171715, 190.67171717171715, 213.67171717171715, 190.67171717171715, 207.67171717171715, 201.67171717171715, 195.67171717171715, 207.67171717171715, 201.67171717171715, 190.67171717171715, 207.67171717171715, 190.67171717171715, 207.67171717171715, 213.67171717171715, 190.67171717171715, 195.67171717171715, 201.67171717171715, 195.67171717171715, 201.67171717171715, 201.67171717171715, 213.67171717171715, 201.67171717171715, 195.67171717171715, 201.67171717171715, 190.67171717171715, 195.67171717171715, 207.67171717171715, 201.67171717171715, 190.67171717171715, 178.67171717171715, 201.67171717171715, 184.67171717171715, 213.67171717171715, 190.67171717171715, 195.67171717171715, 213.67171717171715, 201.67171717171715, 213.67171717171715, 195.67171717171715, 213.67171717171715, 190.67171717171715, 207.67171717171715, 219.67171717171715, 195.67171717171715, 207.67171717171715, 195.67171717171715, 201.67171717171715, 207.67171717171715, 195.67171717171715, 195.67171717171715, 201.67171717171715, 201.67171717171715, 201.67171717171715, 201.67171717171715, 213.67171717171715, 207.67171717171715, 190.67171717171715, 195.67171717171715, 207.67171717171715, 201.67171717171715, 201.67171717171715, 195.67171717171715, 207.67171717171715, 207.67171717171715, 195.67171717171715, 201.67171717171715, 213.67171717171715, 190.67171717171715, 201.67171717171715, 207.67171717171715, 195.67171717171715, 207.67171717171715, 213.67171717171715, 201.67171717171715, 207.67171717171715, 201.67171717171715, 207.67171717171715, 207.67171717171715, 201.67171717171715, 190.67171717171715, 213.67171717171715, 207.67171717171715, 207.67171717171715, 207.67171717171715, 195.67171717171715, 190.67171717171715, 201.67171717171715, 201.67171717171715, 201.67171717171715, 195.67171717171715, 201.67171717171715, 219.67171717171715, 190.67171717171715], "y": [-74.74242424242425, -74.74242424242425, -86.74242424242425, -80.74242424242425, -68.74242424242425, -74.74242424242425, -86.74242424242425, -80.74242424242425, -80.74242424242425, -80.74242424242425, -80.74242424242425, -86.74242424242425, -68.74242424242425, -74.74242424242425, -92.74242424242425, -74.74242424242425, -92.74242424242425, -92.74242424242425, -86.74242424242425, -80.74242424242425, -86.74242424242425, -86.74242424242425, -74.74242424242425, -68.74242424242425, -56.74242424242425, -80.74242424242425, -68.74242424242425, -86.74242424242425, -86.74242424242425, -86.74242424242425, -62.74242424242425, -80.74242424242425, -68.74242424242425, -92.74242424242425, -80.74242424242425, -86.74242424242425, -86.74242424242425, -86.74242424242425, -74.74242424242425, -86.74242424242425, -68.74242424242425, -68.74242424242425, -86.74242424242425, -86.74242424242425, -80.74242424242425, -74.74242424242425, -80.74242424242425, -86.74242424242425, -92.74242424242425, -80.74242424242425, -80.74242424242425, -74.74242424242425, -74.74242424242425, -51.74242424242425, -86.74242424242425, -68.74242424242425, -80.74242424242425, -86.74242424242425, -80.74242424242425, -92.74242424242425, -80.74242424242425, -74.74242424242425, -80.74242424242425, -80.74242424242425, -86.74242424242425, -80.74242424242425, -74.74242424242425, -74.74242424242425, -92.74242424242425, -80.74242424242425, -92.74242424242425, -98.74242424242425, -92.74242424242425, -80.74242424242425, -86.74242424242425, -86.74242424242425, -80.74242424242425, -80.74242424242425, -74.74242424242425, -86.74242424242425, -86.74242424242425, -86.74242424242425, -80.74242424242425, -80.74242424242425, -86.74242424242425, -80.74242424242425, -74.74242424242425, -74.74242424242425, -74.74242424242425, -86.74242424242425, -86.74242424242425, -86.74242424242425, -80.74242424242425, -86.74242424242425, -86.74242424242425, -80.74242424242425, -86.74242424242425, -80.74242424242425, -80.74242424242425, -92.74242424242425],