{"seconds": [1698973097, 1698973097, 1698973097, 1698973097, 1698973097, 1698973097, 1698973097, 1698973098, 1698973098, 1698973098, 1698973098, 1698973098, 1698973098, 1698973098, 1698973098, 1698973098, 1698973099, 1698973099, 1698973099, 1698973099, 1698973099, 1698973099, 1698973099, 1698973099, 1698973099, 1698973099, 1698973100, 1698973100, 1698973100, 1698973100, 1698973100, 1698973100, 1698973100, 1698973100, 1698973100, 1698973101, 1698973101, 1698973101, 1698973101, 1698973101, 1698973101, 1698973101, 1698973101, 1698973101, 1698973101, 1698973102, 1698973102, 1698973102, 1698973102, 1698973102, 1698973102, 1698973102, 1698973102, 1698973102, 1698973102, 1698973103, 1698973103, 1698973103, 1698973103, 1698973103, 1698973103, 1698973103, 1698973103, 1698973103, 1698973104, 1698973104, 1698973104, 1698973104, 1698973104, 1698973104, 1698973104, 1698973104, 1698973104, 1698973104, 1698973105, 1698973105, 1698973105, 1698973105, 1698973105, 1698973105, 1698973105, 1698973105, 1698973105, 1698973105, 1698973106, 1698973106, 1698973106, 1698973106, 1698973106, 1698973106, 1698973106, 1698973106, 1698973106, 1698973107, 1698973107, 1698973107, 1698973107, 1698973107, 1698973107, 1698973107], "nanosecs": [387785132, 485360275, 585537375, 686061023, 785983382, 887099015, 985973619, 189023206, 285943549, 385990436, 485971768, 586088352, 686042406, 786516041, 886017767, 986017458, 86080259, 185990002, 286054141, 386210664, 486187516, 585997077, 686048162, 786116973, 885997541, 986036397, 86031913, 286585222, 386280786, 486399464, 586009590, 686163678, 786155127, 886188902, 986105316, 85983476, 186147349, 285595666, 386285674, 486151571, 586130939, 685662794, 786057880, 886109796, 986119329, 86096162, 187213802, 286149643, 386101922, 486138574, 586128267, 686145343, 787286349, 886204551, 985993497, 86141247, 186135080, 286141221, 386110501, 589350913, 686200667, 786282293, 886293813, 987373749, 86289564, 186283948, 286310006, 386321870, 486303237, 586329079, 687401652, 787325382, 887429673, 987347907, 86280497, 187381738, 286117395, 385855524, 486186958, 586121799, 685918582, 786115492, 886050185, 986280661, 86089384, 186040262, 389049547, 486449122, 586042873, 686037653, 784617680, 885990391, 986082724, 86056625, 185928919, 287231520, 386027375, 487156382, 586045396, 687245338], "mag": {"x": [-62.38881118881118, 6.981818181818183, 7.820979020979022, 7.820979020979022, 9.4993006993007, 6.142657342657345, 6.142657342657345, 7.820979020979022, 6.142657342657345, 9.4993006993007, 7.820979020979022, 6.142657342657345, 6.142657342657345, 8.660139860139862, 8.660139860139862, 7.820979020979022, 6.142657342657345, 8.660139860139862, 8.660139860139862, 8.660139860139862, 5.443356643356645, 8.660139860139862, 10.33846153846154, 5.443356643356645, 7.820979020979022, 7.820979020979022, 8.660139860139862, 4.604195804195806, 9.4993006993007, 6.981818181818183, 6.981818181818183, 7.820979020979022, 4.604195804195806, 6.981818181818183, 6.981818181818183, 8.660139860139862, 7.820979020979022, 7.820979020979022, 6.981818181818183, 6.981818181818183, 7.820979020979022, 6.142657342657345, 8.660139860139862, 7.820979020979022, 6.142657342657345, 9.4993006993007, 7.820979020979022, 6.142657342657345, 6.142657342657345, 6.981818181818183, 8.660139860139862, 6.981818181818183, 7.820979020979022, 6.981818181818183, 8.660139860139862, 6.142657342657345, 8.660139860139862, 6.981818181818183, 9.4993006993007, 9.4993006993007, 6.981818181818183, 8.660139860139862, 7.820979020979022, 7.820979020979022, 9.4993006993007, 7.820979020979022, 7.820979020979022, 7.820979020979022, 8.660139860139862, 6.981818181818183, 10.33846153846154, 7.820979020979022, 5.443356643356645, 7.820979020979022, 6.142657342657345, 9.4993006993007, 7.820979020979022, 6.981818181818183, 8.660139860139862, 7.820979020979022, 6.142657342657345, 6.142657342657345, 8.660139860139862, 7.820979020979022, 6.981818181818183, 6.981818181818183, 6.981818181818183, 7.820979020979022, 7.820979020979022, 8.660139860139862, 8.660139860139862, 6.981818181818183, 9.4993006993007, 9.4993006993007, 6.981818181818183, 8.660139860139862, 9.4993006993007, 8.660139860139862, 7.820979020979022, 8.660139860139862], "y": [72.47191011235955, 42.69662921348314, 40.168539325842694, 38.48314606741573, 41.853932584269664, 40.168539325842694, 41.853932584269664, 39.325842696629216, 44.38202247191011, 40.168539325842694, 42.69662921348314, 38.48314606741573, 42.69662921348314, 41.853932584269664, 42.69662921348314, 41.01123595505618, 42.69662921348314, 42.69662921348314, 42.69662921348314, 41.01123595505618, 42.69662921348314, 42.69662921348314, 41.853932584269664, 42.69662921348314, 42.69662921348314, 43.53932584269663, 41.853932584269664, 42.69662921348314, 41.01123595505618, 44.38202247191011, 43.53932584269663, 44.38202247191011, 41.01123595505618, 41.853932584269664, 42.69662921348314, 45.2247191011236, 42.69662921348314, 44.38202247191011, 41.01123595505618, 42.69662921348314, 41.853932584269664, 41.01123595505618, 41.853932584269664, 43.53932584269663, 43.53932584269663, 41.01123595505618, 41.01123595505618, 39.325842696629216, 44.38202247191011, 45.2247191011236, 42.69662921348314, 41.01123595505618, 42.69662921348314, 41.01123595505618, 40.168539325842694, 41.853932584269664, 41.01123595505618, 41.853932584269664, 41.01123595505618, 42.69662921348314, 41.01123595505618, 41.01123595505618, 40.168539325842694, 41.01123595505618, 40.168539325842694, 38.48314606741573, 42.69662921348314, 40.168539325842694, 42.69662921348314, 39.325842696629216, 40.168539325842694, 41.853932584269664, 42.69662921348314, 38.48314606741573, 41.853932584269664, 38.48314606741573, 41.853932584269664, 38.48314606741573, 41.853932584269664, 41.853932584269664, 41.01123595505618, 38.48314606741573, 38.48314606741573, 38.48314606741573, 41.853932584269664, 41.853932584269664, 42.69662921348314, 42.69662921348314, 43.53932584269663, 41.01123595505618, 41.853932584269664, 41.853932584269664, 40.168539325842694, 39.325842696629216, 42.69662921348314, 41.01123595505618, 42.69662921348314, 41.01123595505618, 41.853932584269664, 41.01123595505618],