{"seconds": [1698973128, 1698973128, 1698973129, 1698973129, 1698973129, 1698973129, 1698973129, 1698973129, 1698973129, 1698973129, 1698973129, 1698973129, 1698973130, 1698973130, 1698973130, 1698973130, 1698973130, 1698973130, 1698973130, 1698973130, 1698973130, 1698973130, 1698973131, 1698973131, 1698973131, 1698973131, 1698973131, 1698973131, 1698973131, 1698973131, 1698973132, 1698973132, 1698973132, 1698973132, 1698973132, 1698973132, 1698973132, 1698973132, 1698973132, 1698973133, 1698973133, 1698973133, 1698973133, 1698973133, 1698973133, 1698973133, 1698973133, 1698973133, 1698973133, 1698973134, 1698973134, 1698973134, 1698973134, 1698973134, 1698973134, 1698973134, 1698973134, 1698973134, 1698973134, 1698973135, 1698973135, 1698973135, 1698973135, 1698973135, 1698973135, 1698973135, 1698973135, 1698973135, 1698973135, 1698973136, 1698973136, 1698973136, 1698973136, 1698973136, 1698973136, 1698973136, 1698973136, 1698973137, 1698973137, 1698973137, 1698973137, 1698973137, 1698973137, 1698973137, 1698973137, 1698973137, 1698973137, 1698973138, 1698973138, 1698973138, 1698973138, 1698973138, 1698973138, 1698973138, 1698973138, 1698973138, 1698973138, 1698973139, 1698973139, 1698973139], "nanosecs": [885960559, 986303235, 86200940, 186275335, 286359766, 386186586, 485974883, 586355822, 686294599, 786150691, 886224955, 986232227, 85799112, 186237086, 286402536, 386273328, 486255158, 586258522, 686289202, 786294747, 886262228, 986319649, 86270487, 289496420, 386234420, 484444565, 586279793, 686252224, 786478158, 989405199, 86317666, 186312470, 286310483, 488991082, 586351519, 686313726, 786659149, 886304477, 986334821, 86229677, 186311072, 286292556, 386296007, 486323302, 584531260, 686466380, 786511485, 886328797, 986359977, 86349352, 186408765, 288268828, 386317555, 486318974, 586291337, 686474159, 786300786, 886447366, 986392763, 86349325, 186203783, 285860006, 386350202, 486197676, 586363353, 686369331, 786396716, 886369008, 986365074, 86085394, 289619480, 386409240, 486384579, 586288242, 789162009, 886527880, 986492617, 86261552, 187550858, 286489739, 386336907, 486495265, 585864224, 686364049, 786372816, 886366706, 986372922, 86498987, 186500809, 286415664, 386456694, 487239240, 586540726, 686313799, 786372967, 886160054, 986457709, 86434704, 186460226, 286464639], "mag": {"x": [5.443356643356645, 9.4993006993007, 6.981818181818183, 6.981818181818183, 7.820979020979022, 8.660139860139862, 6.282517482517484, 6.981818181818183, 7.820979020979022, 8.660139860139862, 7.820979020979022, 6.282517482517484, 9.4993006993007, 6.981818181818183, 6.981818181818183, 7.820979020979022, 6.142657342657345, 7.820979020979022, 6.981818181818183, 6.981818181818183, 6.981818181818183, 6.981818181818183, 4.604195804195806, 9.4993006993007, 8.660139860139862, 10.33846153846154, 8.660139860139862, 8.660139860139862, 7.820979020979022, 7.820979020979022, 6.142657342657345, 5.443356643356645, 6.142657342657345, 7.820979020979022, 7.820979020979022, 6.142657342657345, 6.981818181818183, 5.443356643356645, 6.981818181818183, 6.981818181818183, 7.820979020979022, 4.604195804195806, 6.981818181818183, 8.660139860139862, 6.142657342657345, 7.820979020979022, 7.820979020979022, 7.820979020979022, 7.820979020979022, 8.660139860139862, 10.33846153846154, 8.660139860139862, 7.820979020979022, 6.981818181818183, 6.142657342657345, 8.660139860139862, 8.660139860139862, 8.660139860139862, 5.443356643356645, 6.981818181818183, 7.820979020979022, 6.981818181818183, 8.660139860139862, 8.660139860139862, 5.443356643356645, 7.820979020979022, 9.4993006993007, 6.981818181818183, 6.981818181818183, 7.820979020979022, 6.142657342657345, 8.660139860139862, 5.443356643356645, 6.981818181818183, 6.981818181818183, 7.820979020979022, 8.660139860139862, 5.443356643356645, 7.820979020979022, 5.443356643356645, 9.4993006993007, 6.142657342657345, 6.142657342657345, 6.142657342657345, 6.981818181818183, 6.142657342657345, 6.981818181818183, 6.981818181818183, 6.142657342657345, 4.604195804195806, 6.981818181818183, 6.981818181818183, 6.981818181818183, 6.981818181818183, 6.981818181818183, 5.443356643356645, 6.981818181818183, 6.142657342657345, 6.981818181818183, 5.443356643356645], "y": [41.01123595505618, 41.01123595505618, 40.168539325842694, 41.01123595505618, 42.69662921348314, 42.69662921348314, 39.325842696629216, 41.853932584269664, 41.01123595505618, 41.01123595505618, 41.01123595505618, 38.48314606741573, 41.01123595505618, 41.01123595505618, 38.48314606741573, 41.853932584269664, 39.325842696629216, 38.48314606741573, 39.325842696629216, 41.01123595505618, 41.01123595505618, 38.48314606741573, 40.168539325842694, 40.168539325842694, 41.853932584269664, 38.48314606741573, 41.01123595505618, 41.853932584269664, 40.168539325842694, 40.168539325842694, 41.853932584269664, 39.325842696629216, 42.69662921348314, 41.01123595505618, 41.01123595505618, 37.78089887640449, 41.01123595505618, 41.01123595505618, 40.168539325842694, 40.168539325842694, 41.01123595505618, 38.48314606741573, 42.69662921348314, 40.168539325842694, 40.168539325842694, 41.853932584269664, 41.853932584269664, 41.853932584269664, 41.853932584269664, 40.168539325842694, 43.53932584269663, 41.853932584269664, 41.853932584269664, 42.69662921348314, 42.69662921348314, 41.01123595505618, 43.53932584269663, 41.853932584269664, 44.38202247191011, 41.853932584269664, 42.69662921348314, 43.53932584269663, 43.53932584269663, 42.69662921348314, 42.69662921348314, 41.853932584269664, 42.69662921348314, 45.2247191011236, 46.067415730337075, 43.53932584269663, 42.69662921348314, 43.53932584269663, 46.76966292134831, 45.2247191011236, 46.067415730337075, 43.53932584269663, 43.53932584269663, 45.2247191011236, 45.2247191011236, 45.2247191011236, 45.2247191011236, 45.2247191011236, 45.2247191011236, 44.38202247191011, 44.38202247191011, 46.76966292134831, 45.2247191011236, 43.53932584269663, 46.067415730337075, 43.53932584269663, 43.53932584269663, 43.53932584269663, 46.067415730337075, 44.38202247191011, 46.067415730337075, 41.853932584269664, 41.01123595505618, 45.2247191011236, 46.067415730337075, 46.067415730337075],