{"seconds": [1698972819, 1698972819, 1698972819, 1698972819, 1698972819, 1698972820, 1698972820, 1698972820, 1698972820, 1698972820, 1698972820, 1698972820, 1698972820, 1698972820, 1698972820, 1698972821, 1698972821, 1698972821, 1698972821, 1698972821, 1698972821, 1698972821, 1698972821, 1698972821, 1698972822, 1698972822, 1698972822, 1698972822, 1698972822, 1698972822, 1698972822, 1698972822, 1698972822, 1698972822, 1698972823, 1698972823, 1698972823, 1698972823, 1698972823, 1698972823, 1698972823, 1698972823, 1698972823, 1698972823, 1698972824, 1698972824, 1698972824, 1698972824, 1698972824, 1698972824, 1698972824, 1698972824, 1698972824, 1698972824, 1698972825, 1698972825, 1698972825, 1698972825, 1698972825, 1698972825, 1698972825, 1698972825, 1698972825, 1698972826, 1698972826, 1698972826, 1698972826, 1698972826, 1698972826, 1698972826, 1698972826, 1698972826, 1698972826, 1698972827, 1698972827, 1698972827, 1698972827, 1698972827, 1698972827, 1698972827, 1698972827, 1698972827, 1698972827, 1698972828, 1698972828, 1698972828, 1698972828, 1698972828, 1698972828, 1698972828, 1698972828, 1698972828, 1698972828, 1698972829, 1698972829, 1698972829, 1698972829, 1698972829, 1698972829, 1698972829], "nanosecs": [507773097, 606271806, 706274035, 804930401, 905053201, 6063492, 105131110, 206157702, 305179353, 404556190, 504744687, 604580716, 704526768, 805651793, 906128261, 5990909, 105148609, 205552431, 405260690, 504080927, 604138729, 704455575, 805603872, 906164201, 5981169, 105899781, 204385513, 304411783, 404385771, 504416115, 604430360, 704061871, 804414159, 904918036, 6202474, 104194618, 205766670, 304049412, 405215739, 506359243, 605374360, 706270903, 806266004, 905371774, 6216905, 105284356, 204946461, 305741388, 406108923, 506105900, 605137030, 705105158, 804583380, 905200190, 5201149, 105210995, 205127495, 305152722, 405174528, 607779011, 705610086, 805501643, 904234862, 5448066, 104891521, 204647040, 304256269, 404189458, 505863279, 604958541, 704224779, 805267971, 903166660, 4335165, 104719421, 205901827, 305022008, 404605648, 505155946, 605195533, 706152458, 804216544, 906681274, 5911592, 104351912, 205978550, 304956453, 404733528, 504484332, 605911718, 704984391, 806285939, 906343737, 5817134, 105235622, 204246255, 304315078, 406067631, 504380318, 604955294], "mag": {"x": [663.9200000000001, 669.9200000000001, 687.9200000000001, 669.9200000000001, 669.9200000000001, 657.9200000000001, 663.9200000000001, 669.9200000000001, 681.9200000000001, 669.9200000000001, 669.9200000000001, 657.9200000000001, 663.9200000000001, 663.9200000000001, 681.9200000000001, 669.9200000000001, 669.9200000000001, 652.9200000000001, 681.9200000000001, 663.9200000000001, 657.9200000000001, 669.9200000000001, 675.9200000000001, 669.9200000000001, 687.9200000000001, 669.9200000000001, 675.9200000000001, 675.9200000000001, 669.9200000000001, 675.9200000000001, 669.9200000000001, 646.9200000000001, 652.9200000000001, 681.9200000000001, 657.9200000000001, 669.9200000000001, 669.9200000000001, 687.9200000000001, 669.9200000000001, 663.9200000000001, 663.9200000000001, 669.9200000000001, 669.9200000000001, 675.9200000000001, 658.9200000000001, 663.9200000000001, 669.9200000000001, 663.9200000000001, 669.9200000000001, 669.9200000000001, 669.9200000000001, 657.9200000000001, 675.9200000000001, 681.9200000000001, 669.9200000000001, 669.9200000000001, 675.9200000000001, 669.9200000000001, 663.9200000000001, 669.9200000000001, 681.9200000000001, 657.9200000000001, 669.9200000000001, 669.9200000000001, 675.9200000000001, 663.9200000000001, 663.9200000000001, 663.9200000000001, 657.9200000000001, 675.9200000000001, 669.9200000000001, 663.9200000000001, 681.9200000000001, 652.9200000000001, 669.9200000000001, 675.9200000000001, 675.9200000000001, 657.9200000000001, 663.9200000000001, 657.9200000000001, 681.9200000000001, 681.9200000000001, 675.9200000000001, 669.9200000000001, 663.9200000000001, 669.9200000000001, 669.9200000000001, 663.9200000000001, 669.9200000000001, 669.9200000000001, 669.9200000000001, 663.9200000000001, 663.9200000000001, 658.9200000000001, 663.9200000000001, 663.9200000000001, 675.9200000000001, 675.9200000000001, 681.9200000000001, 675.9200000000001], "y": [38.0, 38.0, 27.0, 27.0, 38.0, 38.0, 44.0, 44.0, 44.0, 38.0, 44.0, 27.0, 38.0, 38.0, 27.0, 33.0, 38.0, 38.0, 38.0, 38.0, 44.0, 38.0, 33.0, 38.0, 44.0, 33.0, 33.0, 27.0, 15.0, 50.0, 27.0, 33.0, 33.0, 33.0, 21.0, 38.0, 15.0, 33.0, 33.0, 38.0, 38.0, 44.0, 33.0, 33.0, 27.0, 33.0, 33.0, 44.0, 50.0, 33.0, 44.0, 50.0, 56.0, 27.0, 38.0, 33.0, 44.0, 50.0, 38.0, 56.0, 38.0, 33.0, 33.0, 38.0, 44.0, 44.0, 33.0, 27.0, 27.0, 62.0, 50.0, 50.0, 33.0, 44.0, 38.0, 56.0, 15.0, 38.0, 38.0, 33.0, 44.0, 38.0, 27.0, 27.0, 33.0, 33.0, 27.0, 44.0, 33.0, 33.0, 38.0, 44.0, 27.0, 44.0, 38.0, 38.0, 21.0, 38.0, 38.0, 33.0], "z": [-155.0, -137.0, -149.0, -161.0, -161.0, -161.0, -136.0, -161.0, -161.0, -161.0, -155.0, -161.0, -149.0, -137.0, -149.0, -155.0, -137.0, -149.0, -136.0, -143.0, -136.0, -136.0, -149.0, -149.0, -155.0, -149.0, -161.0, -136.0, -149.0, -155.0, -167.0, -161.0, -161.0, -143.0, -149.0, -155.0, -155.0, -143.0, -143.0, -149.0, -155.0, -143.0, -143.0, -155.0, -149.0, -143.0, -149.0, -155.0, -155.0, -161.0, -161.0, -143.0, -149.0, -136.0, -149.0, -136.0, -136.0, -130.0, -136.0, -149.0, -173.0, -155.0, -155.0, -155.0, -161.0, -155.0, -136.0, -143.0, -161.0, -143.0, -155.0, -155.0, -136.0, -155.0, -136.0, -155.0, -155.0, -143.0, -161.0, -155.0, -155.0, -155.0, -149.0, -143.0, -149.0, -167.0, -161.0, -149.0, -149.0, -136.0, -136.0, -179.0, -155.0, -142.0, -142.0, -142.0, -143.0, -161.0, -173.0, -155.0]}}