{"seconds": [1698972401, 1698972401, 1698972401, 1698972402, 1698972402, 1698972402, 1698972402, 1698972402, 1698972402, 1698972402, 1698972402, 1698972402, 1698972403, 1698972403, 1698972403, 1698972403, 1698972403, 1698972403, 1698972403, 1698972403, 1698972403, 1698972404, 1698972404, 1698972404, 1698972404, 1698972404, 1698972404, 1698972404, 1698972404, 1698972404, 1698972404, 1698972405, 1698972405, 1698972405, 1698972405, 1698972405, 1698972405, 1698972405, 1698972405, 1698972405, 1698972405, 1698972406, 1698972406, 1698972406, 1698972406, 1698972406, 1698972406, 1698972406, 1698972406, 1698972406, 1698972407, 1698972407, 1698972407, 1698972407, 1698972407, 1698972407, 1698972407, 1698972407, 1698972407, 1698972407, 1698972408, 1698972408, 1698972408, 1698972408, 1698972408, 1698972408, 1698972408, 1698972408, 1698972408, 1698972408, 1698972409, 1698972409, 1698972409, 1698972409, 1698972409, 1698972409, 1698972409, 1698972409, 1698972409, 1698972409, 1698972410, 1698972410, 1698972410, 1698972410, 1698972410, 1698972410, 1698972410, 1698972410, 1698972410, 1698972410, 1698972411, 1698972411, 1698972411, 1698972411, 1698972411, 1698972411, 1698972411, 1698972411, 1698972411, 1698972412], "nanosecs": [765302295, 863361101, 965050969, 64791029, 163147088, 265079411, 365298081, 465090071, 565292387, 664653474, 765171044, 969676565, 65876062, 163365782, 265289526, 365296471, 465268863, 565042263, 664730382, 863953894, 963138970, 63137490, 163343818, 265050643, 365060528, 465128239, 563532078, 663165442, 766005975, 863087261, 964948036, 62981822, 162906648, 263058135, 363446575, 463639949, 563109714, 663444458, 764935418, 862913582, 963267005, 63325817, 165084579, 265178300, 363032350, 463351457, 564407394, 663089546, 765137990, 863035121, 65065721, 163322810, 264101804, 363951402, 464985390, 564551535, 664996199, 764828822, 863636463, 965045837, 65040207, 165312934, 265333222, 365328099, 465034809, 563443598, 665210639, 764835452, 864956689, 965214085, 65096911, 165231611, 265088216, 365110838, 465052836, 565056902, 664887716, 765055868, 865031144, 965069398, 63612251, 164074586, 263726653, 363700966, 464816704, 563653041, 664013424, 763536169, 863993394, 966026980, 64914933, 165469371, 265114820, 365351056, 464872081, 566196960, 664806337, 866982101, 964950750, 63472070], "mag": {"x": [195.67171717171715, 195.67171717171715, 201.67171717171715, 207.67171717171715, 190.67171717171715, 195.67171717171715, 213.67171717171715, 201.67171717171715, 201.67171717171715, 201.67171717171715, 195.67171717171715, 201.67171717171715, 201.67171717171715, 195.67171717171715, 190.67171717171715, 201.67171717171715, 190.67171717171715, 190.67171717171715, 201.67171717171715, 195.67171717171715, 195.67171717171715, 201.67171717171715, 213.67171717171715, 195.67171717171715, 195.67171717171715, 195.67171717171715, 201.67171717171715, 195.67171717171715, 195.67171717171715, 201.67171717171715, 195.67171717171715, 190.67171717171715, 190.67171717171715, 195.67171717171715, 195.67171717171715, 213.67171717171715, 195.67171717171715, 213.67171717171715, 201.67171717171715, 201.67171717171715, 190.67171717171715, 195.67171717171715, 207.67171717171715, 201.67171717171715, 189.67171717171715, 195.67171717171715, 190.67171717171715, 201.67171717171715, 207.67171717171715, 190.67171717171715, 201.67171717171715, 207.67171717171715, 201.67171717171715, 201.67171717171715, 189.67171717171715, 195.67171717171715, 190.67171717171715, 195.67171717171715, 195.67171717171715, 213.67171717171715, 189.67171717171715, 207.67171717171715, 190.67171717171715, 201.67171717171715, 201.67171717171715, 201.67171717171715, 201.67171717171715, 190.67171717171715, 201.67171717171715, 195.67171717171715, 195.67171717171715, 207.67171717171715, 207.67171717171715, 201.67171717171715, 213.67171717171715, 207.67171717171715, 195.67171717171715, 213.67171717171715, 207.67171717171715, 207.67171717171715, 219.67171717171715, 213.67171717171715, 201.67171717171715, 213.67171717171715, 201.67171717171715, 195.67171717171715, 195.67171717171715, 201.67171717171715, 201.67171717171715, 219.67171717171715, 195.67171717171715, 201.67171717171715, 190.67171717171715, 207.67171717171715, 190.67171717171715, 201.67171717171715, 213.67171717171715, 195.67171717171715, 190.67171717171715, 207.67171717171715], "y": [-80.74242424242425, -92.74242424242425, -74.74242424242425, -74.74242424242425, -86.74242424242425, -86.74242424242425, -80.74242424242425, -74.74242424242425, -80.74242424242425, -80.74242424242425, -92.74242424242425, -74.74242424242425, -74.74242424242425, -98.74242424242425, -92.74242424242425, -74.74242424242425, -68.74242424242425, -74.74242424242425, -98.74242424242425, -56.74242424242425, -86.74242424242425, -74.74242424242425, -80.74242424242425, -62.74242424242425, -62.74242424242425, -86.74242424242425, -86.74242424242425, -74.74242424242425, -80.74242424242425, -68.74242424242425, -68.74242424242425, -80.74242424242425, -80.74242424242425, -74.74242424242425, -86.74242424242425, -86.74242424242425, -68.74242424242425, -74.74242424242425, -80.74242424242425, -86.74242424242425, -80.74242424242425, -86.74242424242425, -86.74242424242425, -92.74242424242425, -80.74242424242425, -80.74242424242425, -80.74242424242425, -74.74242424242425, -86.74242424242425, -92.74242424242425, -86.74242424242425, -74.74242424242425, -74.74242424242425, -62.74242424242425, -92.74242424242425, -74.74242424242425, -62.74242424242425, -68.74242424242425, -80.74242424242425, -86.74242424242425, -80.74242424242425, -68.74242424242425, -74.74242424242425, -68.74242424242425, -98.74242424242425, -74.74242424242425, -74.74242424242425, -80.74242424242425, -86.74242424242425, -68.74242424242425, -68.74242424242425, -80.74242424242425, -92.74242424242425, -80.74242424242425, -68.74242424242425, -80.74242424242425, -80.74242424242425, -92.74242424242425, -80.74242424242425, -68.74242424242425, -62.74242424242425, -92.74242424242425, -98.74242424242425, -80.74242424242425, -68.74242424242425, -74.74242424242425, -74.74242424242425, -80.74242424242425, -74.74242424242425, -80.74242424242425, -86.74242424242425, -68.74242424242425, -92.74242424242425, -92.74242424242425, -74.74242424242425, -86.74242424242425, -86.74242424242425, -92.74242424242425, -86.74242424242425, -86.74242424242425],