{"seconds": [1698972505, 1698972506, 1698972506, 1698972506, 1698972506, 1698972506, 1698972506, 1698972506, 1698972506, 1698972506, 1698972506, 1698972507, 1698972507, 1698972507, 1698972507, 1698972507, 1698972507, 1698972507, 1698972507, 1698972507, 1698972508, 1698972508, 1698972508, 1698972508, 1698972508, 1698972508, 1698972508, 1698972508, 1698972508, 1698972509, 1698972509, 1698972509, 1698972509, 1698972509, 1698972509, 1698972509, 1698972509, 1698972509, 1698972509, 1698972510, 1698972510, 1698972510, 1698972510, 1698972510, 1698972510, 1698972510, 1698972510, 1698972510, 1698972510, 1698972511, 1698972511, 1698972511, 1698972511, 1698972511, 1698972511, 1698972511, 1698972511, 1698972511, 1698972511, 1698972512, 1698972512, 1698972512, 1698972512, 1698972512, 1698972512, 1698972512, 1698972512, 1698972513, 1698972513, 1698972513, 1698972513, 1698972513, 1698972513, 1698972513, 1698972513, 1698972513, 1698972514, 1698972514, 1698972514, 1698972514, 1698972514, 1698972514, 1698972514, 1698972514, 1698972515, 1698972515, 1698972515, 1698972515, 1698972515, 1698972515, 1698972515, 1698972515, 1698972515, 1698972516, 1698972516, 1698972516, 1698972516, 1698972516, 1698972516, 1698972516], "nanosecs": [962852059, 63228314, 164719781, 262931132, 362988603, 463970630, 562851505, 663051040, 764849343, 862833310, 962906248, 63114165, 267796469, 363267298, 463162496, 563151838, 664704349, 764791379, 864918209, 964277415, 64059645, 264212122, 364927063, 464975924, 564904506, 664974556, 763006152, 862774455, 962940655, 62808349, 164564222, 264741204, 364464541, 464848700, 564947103, 664694497, 765356460, 863025874, 962861523, 64966439, 164306235, 263218202, 362971952, 462935182, 563588790, 663088438, 764649114, 864728420, 964509841, 64530059, 167389472, 264719964, 363015075, 463715917, 565142335, 664943270, 764622208, 865155600, 962764398, 64098824, 265075362, 363133454, 463254392, 563020531, 764814729, 864512603, 962770368, 164197832, 265994815, 364937532, 464898558, 564897501, 663387878, 765025067, 862761520, 963272946, 65136631, 164025695, 364089587, 462927259, 563182458, 768688983, 865055153, 964598721, 64601697, 164652019, 265029208, 363261011, 465164596, 566917351, 768199229, 865094493, 964285401, 64992015, 163137940, 264459845, 363125197, 464454570, 564334131, 664442184], "mag": {"x": [207.67171717171715, 201.67171717171715, 195.67171717171715, 184.67171717171715, 190.67171717171715, 213.67171717171715, 207.67171717171715, 195.67171717171715, 201.67171717171715, 207.67171717171715, 195.67171717171715, 207.67171717171715, 190.67171717171715, 213.67171717171715, 201.67171717171715, 195.67171717171715, 207.67171717171715, 201.67171717171715, 195.67171717171715, 195.67171717171715, 207.67171717171715, 213.67171717171715, 201.67171717171715, 213.67171717171715, 184.67171717171715, 190.67171717171715, 207.67171717171715, 195.67171717171715, 207.67171717171715, 207.67171717171715, 213.67171717171715, 195.67171717171715, 201.67171717171715, 201.67171717171715, 213.67171717171715, 207.67171717171715, 201.67171717171715, 190.67171717171715, 201.67171717171715, 201.67171717171715, 195.67171717171715, 195.67171717171715, 207.67171717171715, 207.67171717171715, 213.67171717171715, 195.67171717171715, 207.67171717171715, 201.67171717171715, 201.67171717171715, 207.67171717171715, 190.67171717171715, 190.67171717171715, 213.67171717171715, 201.67171717171715, 225.67171717171715, 207.67171717171715, 201.67171717171715, 201.67171717171715, 201.67171717171715, 207.67171717171715, 201.67171717171715, 225.67171717171715, 201.67171717171715, 201.67171717171715, 207.67171717171715, 207.67171717171715, 195.67171717171715, 201.67171717171715, 195.67171717171715, 195.67171717171715, 207.67171717171715, 195.67171717171715, 219.67171717171715, 207.67171717171715, 190.67171717171715, 195.67171717171715, 207.67171717171715, 201.67171717171715, 195.67171717171715, 190.67171717171715, 201.67171717171715, 201.67171717171715, 213.67171717171715, 195.67171717171715, 207.67171717171715, 195.67171717171715, 207.67171717171715, 213.67171717171715, 195.67171717171715, 201.67171717171715, 201.67171717171715, 201.67171717171715, 207.67171717171715, 190.67171717171715, 207.67171717171715, 195.67171717171715, 213.67171717171715, 213.67171717171715, 190.67171717171715, 213.67171717171715], "y": [-74.74242424242425, -80.74242424242425, -68.74242424242425, -62.74242424242425, -86.74242424242425, -80.74242424242425, -86.74242424242425, -62.74242424242425, -104.74242424242425, -86.74242424242425, -92.74242424242425, -56.74242424242425, -104.74242424242425, -86.74242424242425, -86.74242424242425, -86.74242424242425, -74.74242424242425, -86.74242424242425, -80.74242424242425, -86.74242424242425, -80.74242424242425, -74.74242424242425, -86.74242424242425, -74.74242424242425, -80.74242424242425, -62.74242424242425, -74.74242424242425, -68.74242424242425, -68.74242424242425, -86.74242424242425, -74.74242424242425, -86.74242424242425, -68.74242424242425, -68.74242424242425, -86.74242424242425, -80.74242424242425, -74.74242424242425, -86.74242424242425, -74.74242424242425, -86.74242424242425, -80.74242424242425, -92.74242424242425, -80.74242424242425, -86.74242424242425, -98.74242424242425, -98.74242424242425, -104.74242424242425, -92.74242424242425, -56.74242424242425, -80.74242424242425, -86.74242424242425, -80.74242424242425, -80.74242424242425, -86.74242424242425, -80.74242424242425, -86.74242424242425, -80.74242424242425, -74.74242424242425, -80.74242424242425, -86.74242424242425, -80.74242424242425, -86.74242424242425, -86.74242424242425, -68.74242424242425, -92.74242424242425, -86.74242424242425, -80.74242424242425, -86.74242424242425, -110.74242424242425, -110.74242424242425, -74.74242424242425, -62.74242424242425, -68.74242424242425, -80.74242424242425, -80.74242424242425, -80.74242424242425, -74.74242424242425, -80.74242424242425, -92.74242424242425, -98.74242424242425, -74.74242424242425, -80.74242424242425, -98.74242424242425, -86.74242424242425, -56.74242424242425, -92.74242424242425, -92.74242424242425, -92.74242424242425, -68.74242424242425, -92.74242424242425, -80.74242424242425, -74.74242424242425, -92.74242424242425, -80.74242424242425, -98.74242424242425, -80.74242424242425, -86.74242424242425, -74.74242424242425, -80.74242424242425, -62.74242424242425],