{"seconds": [1698973139, 1698973139, 1698973139, 1698973139, 1698973139, 1698973139, 1698973140, 1698973140, 1698973140, 1698973140, 1698973140, 1698973140, 1698973140, 1698973140, 1698973140, 1698973140, 1698973141, 1698973141, 1698973141, 1698973141, 1698973141, 1698973141, 1698973141, 1698973141, 1698973141, 1698973141, 1698973142, 1698973142, 1698973142, 1698973142, 1698973142, 1698973142, 1698973142, 1698973142, 1698973142, 1698973142, 1698973143, 1698973143, 1698973143, 1698973143, 1698973143, 1698973143, 1698973143, 1698973143, 1698973144, 1698973144, 1698973144, 1698973144, 1698973144, 1698973144, 1698973144, 1698973144, 1698973144, 1698973144, 1698973145, 1698973145, 1698973145, 1698973145, 1698973145, 1698973145, 1698973145, 1698973145, 1698973145, 1698973145, 1698973146, 1698973146, 1698973146, 1698973146, 1698973146, 1698973146, 1698973146, 1698973146, 1698973146, 1698973146, 1698973147, 1698973147, 1698973147, 1698973147, 1698973147, 1698973147, 1698973147, 1698973147, 1698973147, 1698973147, 1698973148, 1698973148, 1698973148, 1698973148, 1698973148, 1698973148, 1698973148, 1698973148, 1698973148, 1698973149, 1698973149, 1698973149, 1698973149, 1698973149, 1698973149, 1698973149], "nanosecs": [386493144, 486412949, 689530945, 786394128, 886551500, 986534725, 86463044, 186387184, 284757490, 386370275, 486406337, 586385092, 686404200, 786372265, 886402218, 986355889, 86132566, 186310778, 286354616, 386503662, 486250416, 586391326, 686409742, 786397053, 886487256, 986525771, 86085139, 186520861, 286412306, 386509602, 486523207, 586534756, 687211620, 786419283, 886513230, 986540118, 86535911, 186606975, 492262619, 586612930, 686404666, 786473385, 886335244, 986395152, 86423405, 186376085, 286343167, 386210096, 486158082, 586354206, 686434822, 786340613, 886371186, 986181722, 86198303, 186367121, 286341066, 386379437, 486477999, 584566580, 684720220, 786679320, 886460527, 986448406, 86426360, 186438924, 286036649, 386420484, 486428934, 586430689, 686427489, 786516045, 886222836, 986366433, 86389362, 186369660, 286378551, 386432995, 486386925, 586357712, 686468589, 786360420, 886308551, 986367222, 86381461, 186365514, 286398826, 386359021, 486401551, 586377224, 686404753, 889726501, 986390622, 86432782, 186360046, 286383990, 386380339, 486378951, 586366282, 685966601], "mag": {"x": [6.282517482517484, 6.282517482517484, 5.443356643356645, 7.820979020979022, 6.981818181818183, 6.282517482517484, 11.177622377622379, 10.33846153846154, 8.660139860139862, 7.820979020979022, 7.820979020979022, 8.660139860139862, 8.660139860139862, 6.282517482517484, 7.820979020979022, 6.981818181818183, 6.981818181818183, 6.981818181818183, 10.33846153846154, 7.820979020979022, 6.981818181818183, 6.282517482517484, 6.981818181818183, 8.660139860139862, 7.820979020979022, 8.660139860139862, 6.981818181818183, 7.820979020979022, 6.981818181818183, 6.981818181818183, 9.4993006993007, 8.660139860139862, 7.820979020979022, 5.443356643356645, 6.981818181818183, 8.660139860139862, 7.820979020979022, 8.660139860139862, 6.981818181818183, 6.282517482517484, 7.820979020979022, 7.820979020979022, 4.604195804195806, 8.660139860139862, 8.660139860139862, 7.820979020979022, 6.981818181818183, 7.820979020979022, 7.820979020979022, 6.981818181818183, 6.981818181818183, 7.820979020979022, 6.981818181818183, 6.282517482517484, 6.981818181818183, 4.604195804195806, 8.660139860139862, 8.660139860139862, 7.820979020979022, 8.660139860139862, 9.4993006993007, 6.981818181818183, 6.981818181818183, 9.4993006993007, 5.443356643356645, 6.282517482517484, 9.4993006993007, 7.820979020979022, 6.142657342657345, 8.660139860139862, 7.820979020979022, 7.820979020979022, 9.4993006993007, 6.981818181818183, 8.660139860139862, 7.820979020979022, 6.981818181818183, 9.4993006993007, 6.981818181818183, 7.820979020979022, 6.981818181818183, 9.4993006993007, 7.820979020979022, 9.4993006993007, 10.33846153846154, 6.981818181818183, 6.142657342657345, 10.33846153846154, 7.820979020979022, 9.4993006993007, 7.820979020979022, 8.660139860139862, 7.820979020979022, 7.820979020979022, 7.820979020979022, 10.33846153846154, 7.820979020979022, 7.820979020979022, 10.33846153846154, 11.177622377622379], "y": [45.2247191011236, 45.2247191011236, 45.2247191011236, 42.69662921348314, 41.853932584269664, 42.69662921348314, 45.2247191011236, 42.69662921348314, 40.168539325842694, 41.853932584269664, 43.53932584269663, 41.853932584269664, 41.01123595505618, 39.325842696629216, 41.853932584269664, 41.01123595505618, 39.325842696629216, 41.01123595505618, 41.01123595505618, 42.69662921348314, 40.168539325842694, 44.38202247191011, 40.168539325842694, 39.325842696629216, 42.69662921348314, 42.69662921348314, 41.853932584269664, 39.325842696629216, 40.168539325842694, 42.69662921348314, 40.168539325842694, 38.48314606741573, 38.48314606741573, 41.853932584269664, 39.325842696629216, 41.853932584269664, 41.853932584269664, 40.168539325842694, 41.01123595505618, 39.325842696629216, 38.48314606741573, 38.48314606741573, 40.168539325842694, 39.325842696629216, 40.168539325842694, 41.853932584269664, 38.48314606741573, 41.01123595505618, 41.01123595505618, 38.48314606741573, 41.01123595505618, 41.01123595505618, 41.01123595505618, 39.325842696629216, 40.168539325842694, 41.01123595505618, 43.53932584269663, 43.53932584269663, 43.53932584269663, 41.01123595505618, 42.69662921348314, 43.53932584269663, 41.01123595505618, 42.69662921348314, 42.69662921348314, 41.853932584269664, 41.01123595505618, 43.53932584269663, 41.853932584269664, 41.853932584269664, 43.53932584269663, 41.01123595505618, 41.853932584269664, 41.01123595505618, 39.325842696629216, 41.01123595505618, 40.168539325842694, 42.69662921348314, 41.01123595505618, 43.53932584269663, 41.853932584269664, 42.69662921348314, 42.69662921348314, 41.853932584269664, 41.853932584269664, 42.69662921348314, 41.01123595505618, 40.168539325842694, 42.69662921348314, 41.853932584269664, 41.01123595505618, 43.53932584269663, 43.53932584269663, 42.69662921348314, 44.38202247191011, 41.853932584269664, 41.01123595505618, 41.853932584269664, 43.53932584269663, 41.01123595505618],