{"seconds": [1698972495, 1698972495, 1698972495, 1698972495, 1698972495, 1698972496, 1698972496, 1698972496, 1698972496, 1698972496, 1698972496, 1698972496, 1698972496, 1698972496, 1698972497, 1698972497, 1698972497, 1698972497, 1698972497, 1698972497, 1698972497, 1698972497, 1698972497, 1698972497, 1698972498, 1698972498, 1698972498, 1698972498, 1698972498, 1698972498, 1698972498, 1698972498, 1698972498, 1698972498, 1698972499, 1698972499, 1698972499, 1698972499, 1698972499, 1698972499, 1698972499, 1698972499, 1698972499, 1698972500, 1698972500, 1698972500, 1698972500, 1698972500, 1698972500, 1698972500, 1698972500, 1698972500, 1698972501, 1698972501, 1698972501, 1698972501, 1698972501, 1698972501, 1698972501, 1698972501, 1698972501, 1698972501, 1698972502, 1698972502, 1698972502, 1698972502, 1698972502, 1698972502, 1698972502, 1698972502, 1698972502, 1698972502, 1698972503, 1698972503, 1698972503, 1698972503, 1698972503, 1698972503, 1698972503, 1698972503, 1698972503, 1698972504, 1698972504, 1698972504, 1698972504, 1698972504, 1698972504, 1698972504, 1698972504, 1698972504, 1698972504, 1698972505, 1698972505, 1698972505, 1698972505, 1698972505, 1698972505, 1698972505, 1698972505, 1698972505], "nanosecs": [564842372, 664757354, 764713700, 864881721, 964096137, 164753462, 262616014, 364410892, 464730973, 564585626, 664663670, 762826160, 864762983, 964192430, 64417925, 165356081, 264826378, 365145940, 465192557, 565686129, 665221822, 764574307, 864722710, 964330544, 64972159, 164729942, 264873506, 364842741, 464774008, 565904565, 664635662, 764744541, 864944577, 965344105, 65195101, 162945789, 262994992, 362742338, 463120897, 564683472, 771605072, 864466813, 964436171, 64390649, 164822493, 264713699, 364717622, 464312590, 564885712, 664858710, 762898148, 864858622, 67707861, 165032614, 264717822, 364840246, 465038699, 564923538, 664665834, 762997002, 864523820, 964966603, 62910733, 164756409, 264436132, 362784268, 462931732, 564865399, 664360518, 778132577, 862913025, 963018271, 64411259, 164893679, 264778580, 467046088, 564881523, 664876903, 763284439, 862943118, 963047745, 63231985, 162700209, 262930136, 364835373, 462768626, 563216365, 666123993, 765544037, 866896558, 962863813, 64255348, 165399754, 265080550, 363146541, 462875291, 564692933, 664855453, 764883971, 864502052], "mag": {"x": [195.67171717171715, 207.67171717171715, 219.67171717171715, 201.67171717171715, 201.67171717171715, 201.67171717171715, 207.67171717171715, 190.67171717171715, 213.67171717171715, 195.67171717171715, 195.67171717171715, 213.67171717171715, 201.67171717171715, 201.67171717171715, 207.67171717171715, 195.67171717171715, 195.67171717171715, 225.67171717171715, 213.67171717171715, 201.67171717171715, 201.67171717171715, 190.67171717171715, 207.67171717171715, 190.67171717171715, 195.67171717171715, 178.67171717171715, 225.67171717171715, 195.67171717171715, 213.67171717171715, 207.67171717171715, 201.67171717171715, 190.67171717171715, 195.67171717171715, 195.67171717171715, 195.67171717171715, 184.67171717171715, 201.67171717171715, 213.67171717171715, 219.67171717171715, 195.67171717171715, 201.67171717171715, 201.67171717171715, 213.67171717171715, 213.67171717171715, 207.67171717171715, 190.67171717171715, 201.67171717171715, 195.67171717171715, 213.67171717171715, 195.67171717171715, 195.67171717171715, 213.67171717171715, 201.67171717171715, 201.67171717171715, 219.67171717171715, 190.67171717171715, 195.67171717171715, 190.67171717171715, 190.67171717171715, 219.67171717171715, 207.67171717171715, 207.67171717171715, 201.67171717171715, 201.67171717171715, 207.67171717171715, 195.67171717171715, 184.67171717171715, 195.67171717171715, 207.67171717171715, 184.67171717171715, 195.67171717171715, 190.67171717171715, 195.67171717171715, 213.67171717171715, 195.67171717171715, 201.67171717171715, 190.67171717171715, 207.67171717171715, 201.67171717171715, 207.67171717171715, 213.67171717171715, 213.67171717171715, 190.67171717171715, 201.67171717171715, 213.67171717171715, 213.67171717171715, 195.67171717171715, 195.67171717171715, 195.67171717171715, 213.67171717171715, 207.67171717171715, 195.67171717171715, 213.67171717171715, 207.67171717171715, 195.67171717171715, 178.67171717171715, 201.67171717171715, 184.67171717171715, 190.67171717171715, 201.67171717171715], "y": [-86.74242424242425, -80.74242424242425, -86.74242424242425, -74.74242424242425, -86.74242424242425, -92.74242424242425, -80.74242424242425, -80.74242424242425, -80.74242424242425, -92.74242424242425, -80.74242424242425, -80.74242424242425, -68.74242424242425, -80.74242424242425, -86.74242424242425, -74.74242424242425, -68.74242424242425, -62.74242424242425, -80.74242424242425, -86.74242424242425, -68.74242424242425, -86.74242424242425, -74.74242424242425, -92.74242424242425, -86.74242424242425, -86.74242424242425, -68.74242424242425, -68.74242424242425, -74.74242424242425, -92.74242424242425, -62.74242424242425, -92.74242424242425, -56.74242424242425, -86.74242424242425, -62.74242424242425, -92.74242424242425, -68.74242424242425, -62.74242424242425, -80.74242424242425, -80.74242424242425, -56.74242424242425, -74.74242424242425, -68.74242424242425, -86.74242424242425, -74.74242424242425, -68.74242424242425, -74.74242424242425, -62.74242424242425, -74.74242424242425, -86.74242424242425, -92.74242424242425, -80.74242424242425, -86.74242424242425, -86.74242424242425, -68.74242424242425, -74.74242424242425, -74.74242424242425, -74.74242424242425, -86.74242424242425, -74.74242424242425, -92.74242424242425, -86.74242424242425, -80.74242424242425, -86.74242424242425, -86.74242424242425, -74.74242424242425, -80.74242424242425, -62.74242424242425, -74.74242424242425, -92.74242424242425, -92.74242424242425, -80.74242424242425, -92.74242424242425, -74.74242424242425, -86.74242424242425, -80.74242424242425, -86.74242424242425, -92.74242424242425, -86.74242424242425, -80.74242424242425, -74.74242424242425, -80.74242424242425, -74.74242424242425, -80.74242424242425, -92.74242424242425, -86.74242424242425, -92.74242424242425, -62.74242424242425, -80.74242424242425, -80.74242424242425, -80.74242424242425, -62.74242424242425, -74.74242424242425, -68.74242424242425, -74.74242424242425, -68.74242424242425, -56.74242424242425, -68.74242424242425, -80.74242424242425, -62.74242424242425],