{"seconds": [1698972516, 1698972516, 1698972517, 1698972517, 1698972517, 1698972517, 1698972517, 1698972517, 1698972517, 1698972517, 1698972517, 1698972518, 1698972518, 1698972518, 1698972518, 1698972518, 1698972518, 1698972518, 1698972518, 1698972518, 1698972519, 1698972519, 1698972519, 1698972519, 1698972519, 1698972519, 1698972519, 1698972519, 1698972519, 1698972519, 1698972520, 1698972520, 1698972520, 1698972520, 1698972520, 1698972520, 1698972520, 1698972520, 1698972520, 1698972520, 1698972521, 1698972521, 1698972521, 1698972521, 1698972521, 1698972521, 1698972521, 1698972521, 1698972521, 1698972521, 1698972522, 1698972522, 1698972522, 1698972522, 1698972522, 1698972522, 1698972522, 1698972522, 1698972522, 1698972523, 1698972523, 1698972523, 1698972523, 1698972523, 1698972523, 1698972523, 1698972523, 1698972523, 1698972523, 1698972524, 1698972524, 1698972524, 1698972524, 1698972524, 1698972524, 1698972524, 1698972524, 1698972524, 1698972524, 1698972525, 1698972525, 1698972525, 1698972525, 1698972525, 1698972525, 1698972525, 1698972525, 1698972525, 1698972526, 1698972526, 1698972526, 1698972526, 1698972526, 1698972526, 1698972526, 1698972526, 1698972526, 1698972526, 1698972527, 1698972527], "nanosecs": [762994595, 863227131, 65326977, 165386884, 263098222, 362893911, 563780427, 662974477, 762942289, 863226727, 963132554, 63489241, 164661517, 264675230, 364695101, 465108341, 564451297, 664273104, 764518540, 864457437, 66547676, 163766207, 265202614, 364535136, 465614918, 565651307, 665338143, 764409650, 863448028, 964914909, 63238852, 164459215, 263743737, 362860374, 464511439, 564440474, 663064403, 763841774, 863138813, 964482729, 64393843, 164585399, 264608066, 364783136, 464718082, 564581021, 664383503, 763419624, 863412811, 964743294, 64470386, 163071654, 265013716, 363015480, 463287586, 565016446, 663739251, 865414275, 963046739, 63023506, 163423388, 264910419, 364264172, 463016277, 563000889, 663373667, 762824815, 863415060, 964773269, 64929368, 166125091, 264930515, 364733864, 464395828, 563577749, 664954156, 763052974, 863516539, 964581621, 64795665, 267671141, 364663641, 465429367, 564459791, 664569533, 765420865, 864722756, 964916819, 65102074, 165136899, 264917246, 364464294, 463292380, 564602263, 664783440, 764809468, 864013846, 963284642, 64883841, 164514279], "mag": {"x": [195.67171717171715, 213.67171717171715, 195.67171717171715, 219.67171717171715, 195.67171717171715, 207.67171717171715, 201.67171717171715, 207.67171717171715, 213.67171717171715, 207.67171717171715, 195.67171717171715, 190.67171717171715, 213.67171717171715, 201.67171717171715, 213.67171717171715, 207.67171717171715, 190.67171717171715, 213.67171717171715, 201.67171717171715, 219.67171717171715, 213.67171717171715, 195.67171717171715, 184.67171717171715, 213.67171717171715, 213.67171717171715, 207.67171717171715, 207.67171717171715, 213.67171717171715, 195.67171717171715, 201.67171717171715, 190.67171717171715, 190.67171717171715, 201.67171717171715, 207.67171717171715, 195.67171717171715, 190.67171717171715, 207.67171717171715, 207.67171717171715, 201.67171717171715, 207.67171717171715, 207.67171717171715, 213.67171717171715, 207.67171717171715, 207.67171717171715, 195.67171717171715, 201.67171717171715, 207.67171717171715, 207.67171717171715, 195.67171717171715, 195.67171717171715, 207.67171717171715, 195.67171717171715, 213.67171717171715, 195.67171717171715, 195.67171717171715, 201.67171717171715, 207.67171717171715, 201.67171717171715, 207.67171717171715, 190.67171717171715, 207.67171717171715, 213.67171717171715, 207.67171717171715, 201.67171717171715, 190.67171717171715, 201.67171717171715, 195.67171717171715, 195.67171717171715, 195.67171717171715, 201.67171717171715, 207.67171717171715, 219.67171717171715, 195.67171717171715, 195.67171717171715, 207.67171717171715, 207.67171717171715, 201.67171717171715, 207.67171717171715, 195.67171717171715, 213.67171717171715, 190.67171717171715, 190.67171717171715, 201.67171717171715, 195.67171717171715, 213.67171717171715, 195.67171717171715, 201.67171717171715, 207.67171717171715, 213.67171717171715, 190.67171717171715, 201.67171717171715, 195.67171717171715, 190.67171717171715, 195.67171717171715, 201.67171717171715, 213.67171717171715, 190.67171717171715, 201.67171717171715, 213.67171717171715, 201.67171717171715], "y": [-86.74242424242425, -86.74242424242425, -68.74242424242425, -80.74242424242425, -80.74242424242425, -92.74242424242425, -74.74242424242425, -86.74242424242425, -74.74242424242425, -80.74242424242425, -86.74242424242425, -80.74242424242425, -92.74242424242425, -80.74242424242425, -86.74242424242425, -98.74242424242425, -74.74242424242425, -86.74242424242425, -80.74242424242425, -92.74242424242425, -92.74242424242425, -86.74242424242425, -86.74242424242425, -80.74242424242425, -86.74242424242425, -80.74242424242425, -74.74242424242425, -80.74242424242425, -86.74242424242425, -86.74242424242425, -86.74242424242425, -92.74242424242425, -68.74242424242425, -86.74242424242425, -80.74242424242425, -86.74242424242425, -68.74242424242425, -62.74242424242425, -80.74242424242425, -80.74242424242425, -74.74242424242425, -80.74242424242425, -86.74242424242425, -92.74242424242425, -56.74242424242425, -68.74242424242425, -74.74242424242425, -74.74242424242425, -68.74242424242425, -74.74242424242425, -74.74242424242425, -74.74242424242425, -74.74242424242425, -80.74242424242425, -80.74242424242425, -80.74242424242425, -68.74242424242425, -80.74242424242425, -74.74242424242425, -74.74242424242425, -74.74242424242425, -86.74242424242425, -98.74242424242425, -80.74242424242425, -86.74242424242425, -74.74242424242425, -86.74242424242425, -86.74242424242425, -98.74242424242425, -98.74242424242425, -74.74242424242425, -80.74242424242425, -86.74242424242425, -86.74242424242425, -86.74242424242425, -92.74242424242425, -80.74242424242425, -92.74242424242425, -86.74242424242425, -80.74242424242425, -92.74242424242425, -92.74242424242425, -80.74242424242425, -80.74242424242425, -86.74242424242425, -92.74242424242425, -86.74242424242425, -62.74242424242425, -98.74242424242425, -74.74242424242425, -92.74242424242425, -86.74242424242425, -110.74242424242425, -80.74242424242425, -80.74242424242425, -80.74242424242425, -80.74242424242425, -92.74242424242425, -80.74242424242425, -62.74242424242425],