{"seconds": [1698972464, 1698972464, 1698972464, 1698972464, 1698972464, 1698972464, 1698972465, 1698972465, 1698972465, 1698972465, 1698972465, 1698972465, 1698972465, 1698972465, 1698972466, 1698972466, 1698972466, 1698972466, 1698972466, 1698972466, 1698972466, 1698972466, 1698972466, 1698972467, 1698972467, 1698972467, 1698972467, 1698972467, 1698972467, 1698972467, 1698972467, 1698972467, 1698972468, 1698972468, 1698972468, 1698972468, 1698972468, 1698972468, 1698972468, 1698972468, 1698972468, 1698972468, 1698972469, 1698972469, 1698972469, 1698972469, 1698972469, 1698972469, 1698972469, 1698972469, 1698972469, 1698972469, 1698972470, 1698972470, 1698972470, 1698972470, 1698972470, 1698972470, 1698972470, 1698972470, 1698972470, 1698972470, 1698972471, 1698972471, 1698972471, 1698972471, 1698972471, 1698972471, 1698972471, 1698972471, 1698972471, 1698972472, 1698972472, 1698972472, 1698972472, 1698972472, 1698972472, 1698972472, 1698972472, 1698972472, 1698972473, 1698972473, 1698972473, 1698972473, 1698972473, 1698972473, 1698972473, 1698972473, 1698972473, 1698972473, 1698972474, 1698972474, 1698972474, 1698972474, 1698972474, 1698972474, 1698972474, 1698972474, 1698972474, 1698972475], "nanosecs": [463859146, 562464156, 665387022, 762840576, 864617260, 965429900, 63837907, 165677702, 367837995, 468544702, 562631662, 666097698, 865151445, 964598099, 64559000, 164402521, 364995992, 464244174, 564334334, 665526549, 762795722, 864089957, 962609863, 62549273, 164023234, 262494971, 362700235, 464195659, 562429019, 767238092, 864667061, 964372212, 64599248, 163691501, 264793881, 364815661, 464060283, 564082577, 664656111, 764218834, 864822774, 965626001, 64336651, 164543971, 264560966, 364466357, 464570350, 564355775, 664545224, 764543605, 864127313, 964356240, 64359509, 164309403, 264548950, 364447678, 464003417, 564337505, 664375916, 764321176, 863968216, 964194635, 64409651, 164414671, 264525847, 466512419, 564360294, 663769425, 764368747, 864581006, 964457823, 64345828, 164563269, 264440052, 364421977, 464238274, 564465047, 664554035, 866428871, 964235688, 64396313, 164123102, 262959952, 364240108, 463990850, 564336947, 662453810, 763999199, 864294120, 964299343, 62420733, 163870316, 365752498, 462456799, 563835526, 663840920, 763821930, 863797865, 964583481, 62588270], "mag": {"x": [219.67171717171715, 201.67171717171715, 190.67171717171715, 201.67171717171715, 195.67171717171715, 201.67171717171715, 195.67171717171715, 201.67171717171715, 201.67171717171715, 190.67171717171715, 207.67171717171715, 213.67171717171715, 195.67171717171715, 190.67171717171715, 207.67171717171715, 207.67171717171715, 207.67171717171715, 190.67171717171715, 190.67171717171715, 201.67171717171715, 195.67171717171715, 213.67171717171715, 201.67171717171715, 213.67171717171715, 201.67171717171715, 201.67171717171715, 207.67171717171715, 201.67171717171715, 195.67171717171715, 195.67171717171715, 207.67171717171715, 201.67171717171715, 213.67171717171715, 207.67171717171715, 201.67171717171715, 195.67171717171715, 213.67171717171715, 207.67171717171715, 201.67171717171715, 201.67171717171715, 201.67171717171715, 195.67171717171715, 201.67171717171715, 201.67171717171715, 213.67171717171715, 207.67171717171715, 195.67171717171715, 207.67171717171715, 195.67171717171715, 201.67171717171715, 207.67171717171715, 207.67171717171715, 201.67171717171715, 195.67171717171715, 213.67171717171715, 213.67171717171715, 195.67171717171715, 195.67171717171715, 201.67171717171715, 201.67171717171715, 201.67171717171715, 201.67171717171715, 201.67171717171715, 207.67171717171715, 207.67171717171715, 201.67171717171715, 219.67171717171715, 184.67171717171715, 195.67171717171715, 207.67171717171715, 201.67171717171715, 201.67171717171715, 195.67171717171715, 207.67171717171715, 184.67171717171715, 201.67171717171715, 195.67171717171715, 190.67171717171715, 195.67171717171715, 190.67171717171715, 201.67171717171715, 219.67171717171715, 195.67171717171715, 213.67171717171715, 201.67171717171715, 190.67171717171715, 201.67171717171715, 207.67171717171715, 195.67171717171715, 195.67171717171715, 207.67171717171715, 201.67171717171715, 201.67171717171715, 195.67171717171715, 195.67171717171715, 195.67171717171715, 213.67171717171715, 195.67171717171715, 213.67171717171715, 207.67171717171715], "y": [-74.74242424242425, -74.74242424242425, -86.74242424242425, -92.74242424242425, -56.74242424242425, -86.74242424242425, -74.74242424242425, -80.74242424242425, -92.74242424242425, -86.74242424242425, -80.74242424242425, -86.74242424242425, -80.74242424242425, -62.74242424242425, -80.74242424242425, -80.74242424242425, -80.74242424242425, -62.74242424242425, -80.74242424242425, -74.74242424242425, -80.74242424242425, -74.74242424242425, -80.74242424242425, -80.74242424242425, -68.74242424242425, -74.74242424242425, -68.74242424242425, -86.74242424242425, -86.74242424242425, -86.74242424242425, -80.74242424242425, -80.74242424242425, -74.74242424242425, -86.74242424242425, -74.74242424242425, -80.74242424242425, -86.74242424242425, -74.74242424242425, -74.74242424242425, -86.74242424242425, -62.74242424242425, -80.74242424242425, -86.74242424242425, -92.74242424242425, -86.74242424242425, -80.74242424242425, -74.74242424242425, -80.74242424242425, -86.74242424242425, -74.74242424242425, -74.74242424242425, -92.74242424242425, -92.74242424242425, -80.74242424242425, -68.74242424242425, -80.74242424242425, -80.74242424242425, -92.74242424242425, -80.74242424242425, -74.74242424242425, -68.74242424242425, -80.74242424242425, -74.74242424242425, -86.74242424242425, -74.74242424242425, -68.74242424242425, -74.74242424242425, -80.74242424242425, -74.74242424242425, -80.74242424242425, -92.74242424242425, -68.74242424242425, -86.74242424242425, -74.74242424242425, -62.74242424242425, -80.74242424242425, -86.74242424242425, -80.74242424242425, -74.74242424242425, -74.74242424242425, -86.74242424242425, -86.74242424242425, -80.74242424242425, -74.74242424242425, -98.74242424242425, -74.74242424242425, -86.74242424242425, -86.74242424242425, -74.74242424242425, -74.74242424242425, -68.74242424242425, -92.74242424242425, -68.74242424242425, -80.74242424242425, -80.74242424242425, -74.74242424242425, -68.74242424242425, -80.74242424242425, -80.74242424242425, -62.74242424242425],