{"seconds": [1698972954, 1698972954, 1698972954, 1698972954, 1698972954, 1698972954, 1698972955, 1698972955, 1698972955, 1698972955, 1698972955, 1698972955, 1698972955, 1698972955, 1698972955, 1698972956, 1698972956, 1698972956, 1698972956, 1698972956, 1698972956, 1698972956, 1698972956, 1698972956, 1698972956, 1698972957, 1698972957, 1698972957, 1698972957, 1698972957, 1698972957, 1698972957, 1698972957, 1698972957, 1698972957, 1698972958, 1698972958, 1698972958, 1698972958, 1698972958, 1698972958, 1698972958, 1698972958, 1698972958, 1698972959, 1698972959, 1698972959, 1698972959, 1698972959, 1698972959, 1698972959, 1698972959, 1698972959, 1698972959, 1698972960, 1698972960, 1698972960, 1698972960, 1698972960, 1698972960, 1698972960, 1698972960, 1698972960, 1698972960, 1698972961, 1698972961, 1698972961, 1698972961, 1698972961, 1698972961, 1698972961, 1698972961, 1698972961, 1698972961, 1698972962, 1698972962, 1698972962, 1698972962, 1698972962, 1698972962, 1698972962, 1698972962, 1698972962, 1698972962, 1698972963, 1698972963, 1698972963, 1698972963, 1698972963, 1698972963, 1698972963, 1698972963, 1698972963, 1698972964, 1698972964, 1698972964, 1698972964, 1698972964, 1698972964, 1698972964], "nanosecs": [409407601, 506073342, 607772764, 707722874, 806440783, 908065808, 7726801, 106580764, 310269227, 407969760, 508172991, 607928217, 707929459, 807897170, 907933749, 7884835, 108347803, 207927161, 307941932, 407872118, 507831943, 607925275, 707898233, 806792378, 907851482, 7926445, 108200386, 207927817, 307878920, 408262222, 508101532, 608005181, 707908316, 808121661, 907975739, 8075137, 108066887, 206174748, 307965375, 407926645, 508062475, 607972989, 707933818, 806754890, 11566489, 107682382, 208187782, 308066889, 408079815, 508176539, 607964521, 708063397, 808180522, 908172264, 8106704, 107965672, 208051369, 308268080, 408352864, 508052494, 608286109, 708021110, 808366184, 908166623, 8201101, 108166186, 207915524, 306705506, 408185436, 508161518, 607907407, 708195150, 807984252, 908274013, 8091343, 108031041, 208051282, 308201090, 408010296, 508289914, 608148868, 706485809, 808139411, 908024598, 8403020, 107895033, 208138367, 308400800, 408134659, 508139206, 711693639, 808317194, 908267187, 8037462, 108206033, 207824123, 308046105, 408082323, 508104587, 608104329], "mag": {"x": [-62.38881118881118, -96.93426573426572, -96.23496503496501, -97.77342657342656, -97.77342657342656, -95.39580419580417, -96.93426573426572, -99.45174825174824, -96.93426573426572, -96.23496503496501, -97.77342657342656, -100.29090909090908, -96.93426573426572, -96.93426573426572, -96.23496503496501, -98.6125874125874, -97.77342657342656, -96.93426573426572, -96.23496503496501, -97.77342657342656, -96.93426573426572, -94.55664335664335, -99.45174825174824, -96.23496503496501, -98.6125874125874, -95.39580419580417, -98.6125874125874, -99.45174825174824, -97.77342657342656, -95.39580419580417, -98.6125874125874, -96.23496503496501, -96.93426573426572, -96.93426573426572, -96.23496503496501, -98.6125874125874, -96.23496503496501, -97.77342657342656, -96.93426573426572, -96.93426573426572, -94.55664335664335, -97.77342657342656, -97.77342657342656, -97.77342657342656, -96.93426573426572, -96.93426573426572, -96.09510489510488, -97.77342657342656, -97.77342657342656, -98.6125874125874, -100.29090909090908, -94.55664335664335, -96.23496503496501, -99.45174825174824, -97.77342657342656, -97.77342657342656, -94.55664335664335, -96.23496503496501, -96.23496503496501, -96.09510489510488, -98.6125874125874, -96.23496503496501, -96.09510489510488, -98.6125874125874, -100.29090909090908, -99.45174825174824, -97.77342657342656, -96.93426573426572, -96.93426573426572, -96.93426573426572, -96.93426573426572, -99.45174825174824, -98.6125874125874, -98.6125874125874, -94.55664335664335, -96.93426573426572, -97.77342657342656, -98.6125874125874, -96.93426573426572, -96.93426573426572, -97.77342657342656, -96.23496503496501, -96.09510489510488, -98.6125874125874, -95.39580419580417, -97.77342657342656, -98.6125874125874, -97.77342657342656, -96.93426573426572, -97.77342657342656, -98.6125874125874, -97.77342657342656, -95.39580419580417, -97.77342657342656, -96.23496503496501, -96.93426573426572, -97.77342657342656, -96.93426573426572, -96.93426573426572, -97.77342657342656], "y": [-72.47191011235955, 2.9494382022471908, 6.179775280898876, 5.337078651685393, 3.792134831460674, 7.022471910112359, 3.792134831460674, 0.42134831460674155, 3.792134831460674, 7.865168539325842, 2.9494382022471908, 6.179775280898876, 2.106741573033708, 3.792134831460674, 3.792134831460674, 5.337078651685393, 2.9494382022471908, 2.9494382022471908, 2.106741573033708, 7.865168539325842, 2.9494382022471908, 3.792134831460674, 4.49438202247191, 4.49438202247191, 6.179775280898876, 3.792134831460674, 3.792134831460674, 6.179775280898876, 3.792134831460674, 6.179775280898876, 3.792134831460674, 6.179775280898876, 3.792134831460674, 2.9494382022471908, 7.865168539325842, 5.337078651685393, 3.792134831460674, 3.792134831460674, 2.9494382022471908, 6.179775280898876, 2.106741573033708, 4.49438202247191, 3.792134831460674, 3.792134831460674, 2.9494382022471908, 1.2640449438202248, 5.337078651685393, 2.9494382022471908, 6.179775280898876, 4.49438202247191, 6.179775280898876, 2.9494382022471908, 4.49438202247191, 5.337078651685393, 4.49438202247191, 3.792134831460674, 3.792134831460674, 5.337078651685393, 2.106741573033708, 3.792134831460674, 4.49438202247191, 4.49438202247191, 3.792134831460674, 2.106741573033708, 2.9494382022471908, 5.337078651685393, 4.49438202247191, 4.49438202247191, 1.2640449438202248, 7.865168539325842, 2.106741573033708, 1.2640449438202248, 6.179775280898876, 7.865168539325842, 2.106741573033708, 2.9494382022471908, 2.106741573033708, 7.022471910112359, 3.792134831460674, 2.9494382022471908, 5.337078651685393, 7.022471910112359, 6.179775280898876, 5.337078651685393, 2.9494382022471908, 5.337078651685393, 3.792134831460674, 6.179775280898876, 3.792134831460674, 3.792134831460674, 2.9494382022471908, 3.792134831460674, 2.9494382022471908, 2.9494382022471908, 3.792134831460674, 1.2640449438202248, 4.49438202247191, 1.2640449438202248, 2.9494382022471908, 2.106741573033708],