{"seconds": [1698972995, 1698972995, 1698972996, 1698972996, 1698972996, 1698972996, 1698972996, 1698972996, 1698972996, 1698972996, 1698972996, 1698972997, 1698972997, 1698972997, 1698972997, 1698972997, 1698972997, 1698972997, 1698972997, 1698972997, 1698972997, 1698972998, 1698972998, 1698972998, 1698972998, 1698972998, 1698972998, 1698972998, 1698972998, 1698972998, 1698972998, 1698972999, 1698972999, 1698972999, 1698972999, 1698972999, 1698972999, 1698972999, 1698972999, 1698972999, 1698973000, 1698973000, 1698973000, 1698973000, 1698973000, 1698973000, 1698973000, 1698973000, 1698973000, 1698973000, 1698973001, 1698973001, 1698973001, 1698973001, 1698973001, 1698973001, 1698973001, 1698973001, 1698973001, 1698973001, 1698973002, 1698973002, 1698973002, 1698973002, 1698973002, 1698973002, 1698973002, 1698973002, 1698973002, 1698973003, 1698973003, 1698973003, 1698973003, 1698973003, 1698973003, 1698973003, 1698973003, 1698973003, 1698973003, 1698973004, 1698973004, 1698973004, 1698973004, 1698973004, 1698973004, 1698973004, 1698973004, 1698973004, 1698973005, 1698973005, 1698973005, 1698973005, 1698973005, 1698973005, 1698973005, 1698973005, 1698973005, 1698973005, 1698973006, 1698973006], "nanosecs": [808503419, 908510387, 8481121, 211624252, 308153257, 408422191, 506521094, 608462127, 708285870, 807053700, 908416167, 8154011, 108385214, 208398725, 308516062, 408406200, 508422072, 608344546, 708344252, 808400780, 908377881, 8432392, 108426005, 208396811, 308438028, 408404237, 508183415, 608203750, 708354722, 808415773, 908358261, 8484955, 108472884, 208659367, 308442257, 511510567, 608443647, 708464359, 808429824, 908495546, 8329070, 108291481, 208297633, 308334958, 408379149, 508221083, 608413238, 708355890, 808345671, 908423209, 8360225, 107428640, 208375643, 308415029, 408325195, 508341980, 608308620, 708358535, 808321427, 908253148, 8283900, 108347297, 208172789, 308327692, 408462904, 508342738, 606624048, 811291099, 908533752, 8365076, 108484416, 208522447, 308416169, 408447233, 508530871, 608525115, 708484181, 808541003, 908508262, 8530472, 210563278, 308202053, 408502424, 508506741, 607022702, 708539828, 807517924, 908417148, 8516520, 108504959, 208431788, 308467784, 408477636, 508506330, 608480148, 708449056, 808449300, 908477938, 8481408, 108474535], "mag": {"x": [-2.1090909090909067, -9.52167832167832, -11.199999999999998, -3.647552447552445, -1.2699300699300677, -0.4307692307692285, -1.2699300699300677, 1.2475524475524498, 11.177622377622379, 12.855944055944057, 13.695104895104897, 10.33846153846154, 9.4993006993007, 6.981818181818183, 8.660139860139862, 5.443356643356645, 9.4993006993007, 6.981818181818183, 3.765034965034967, 6.142657342657345, 5.443356643356645, 6.981818181818183, 5.443356643356645, 5.443356643356645, 4.604195804195806, 9.4993006993007, 6.142657342657345, 6.981818181818183, 6.981818181818183, 6.142657342657345, 7.820979020979022, 8.660139860139862, 7.820979020979022, 6.981818181818183, 4.604195804195806, 6.142657342657345, 7.820979020979022, 8.660139860139862, 6.142657342657345, 6.981818181818183, 6.142657342657345, 8.660139860139862, 6.981818181818183, 7.820979020979022, 7.820979020979022, 6.981818181818183, 9.4993006993007, 7.820979020979022, 6.142657342657345, 8.660139860139862, 7.820979020979022, 10.33846153846154, 5.443356643356645, 6.981818181818183, 6.981818181818183, 6.142657342657345, 7.820979020979022, 6.142657342657345, 6.142657342657345, 6.981818181818183, 7.820979020979022, 8.660139860139862, 6.142657342657345, 6.142657342657345, 7.820979020979022, 8.660139860139862, 6.981818181818183, 6.981818181818183, 8.660139860139862, 6.981818181818183, 6.142657342657345, 7.820979020979022, 9.4993006993007, 6.142657342657345, 9.4993006993007, 6.981818181818183, 5.443356643356645, 8.660139860139862, 9.4993006993007, 8.660139860139862, 10.33846153846154, 7.820979020979022, 6.981818181818183, 7.820979020979022, 9.4993006993007, 7.820979020979022, 8.660139860139862, 6.981818181818183, 8.660139860139862, 7.820979020979022, 9.4993006993007, 9.4993006993007, 8.660139860139862, 7.820979020979022, 6.981818181818183, 7.820979020979022, 6.142657342657345, 3.765034965034967, 8.660139860139862, 8.660139860139862], "y": [-52.668539325842694, -47.6123595505618, -39.325842696629216, -37.78089887640449, -44.38202247191011, -43.53932584269663, -43.53932584269663, -46.067415730337075, -48.45505617977528, -48.45505617977528, -48.45505617977528, -46.067415730337075, -45.2247191011236, -43.53932584269663, -44.38202247191011, -46.067415730337075, -46.91011235955056, -43.53932584269663, -43.53932584269663, -44.38202247191011, -45.2247191011236, -44.38202247191011, -43.53932584269663, -44.38202247191011, -43.53932584269663, -44.38202247191011, -43.53932584269663, -40.168539325842694, -44.38202247191011, -43.53932584269663, -41.853932584269664, -41.853932584269664, -43.53932584269663, -45.2247191011236, -42.69662921348314, -42.69662921348314, -44.38202247191011, -41.853932584269664, -41.01123595505618, -42.69662921348314, -39.325842696629216, -41.853932584269664, -42.69662921348314, -42.69662921348314, -43.53932584269663, -40.168539325842694, -45.2247191011236, -43.53932584269663, -42.69662921348314, -42.69662921348314, -42.69662921348314, -43.53932584269663, -43.53932584269663, -43.53932584269663, -41.853932584269664, -42.69662921348314, -41.853932584269664, -44.38202247191011, -44.38202247191011, -41.853932584269664, -42.69662921348314, -45.2247191011236, -42.69662921348314, -44.38202247191011, -42.69662921348314, -43.53932584269663, -44.38202247191011, -41.853932584269664, -42.69662921348314, -42.69662921348314, -44.38202247191011, -42.69662921348314, -43.53932584269663, -41.853932584269664, -42.69662921348314, -46.067415730337075, -44.38202247191011, -41.853932584269664, -42.69662921348314, -44.38202247191011, -41.853932584269664, -41.01123595505618, -44.38202247191011, -40.168539325842694, -40.168539325842694, -45.2247191011236, -43.53932584269663, -44.38202247191011, -44.38202247191011, -42.69662921348314, -42.69662921348314, -43.53932584269663, -42.69662921348314, -44.38202247191011, -41.853932584269664, -43.53932584269663, -42.69662921348314, -42.69662921348314, -43.53932584269663, -42.69662921348314],