{"seconds": [1698972692, 1698972692, 1698972692, 1698972692, 1698972692, 1698972692, 1698972692, 1698972692, 1698972692, 1698972693, 1698972693, 1698972693, 1698972693, 1698972693, 1698972693, 1698972693, 1698972693, 1698972693, 1698972693, 1698972694, 1698972694, 1698972694, 1698972694, 1698972694, 1698972694, 1698972694, 1698972694, 1698972694, 1698972694, 1698972695, 1698972695, 1698972695, 1698972695, 1698972695, 1698972695, 1698972695, 1698972695, 1698972695, 1698972695, 1698972696, 1698972696, 1698972696, 1698972696, 1698972696, 1698972696, 1698972696, 1698972696, 1698972696, 1698972697, 1698972697, 1698972697, 1698972697, 1698972697, 1698972697, 1698972697, 1698972697, 1698972697, 1698972698, 1698972698, 1698972698, 1698972698, 1698972698, 1698972698, 1698972698, 1698972698, 1698972699, 1698972699, 1698972699, 1698972699, 1698972699, 1698972699, 1698972699, 1698972699, 1698972699, 1698972699, 1698972700, 1698972700, 1698972700, 1698972700, 1698972700, 1698972700, 1698972700, 1698972700, 1698972700, 1698972700, 1698972701, 1698972701, 1698972701, 1698972701, 1698972701, 1698972701, 1698972701, 1698972701, 1698972701, 1698972701, 1698972702, 1698972702, 1698972702, 1698972702, 1698972702], "nanosecs": [178368117, 275223324, 377311512, 477195238, 577181872, 677167134, 776305846, 876725211, 976850761, 77231146, 177406356, 277276700, 377421685, 477178576, 577086573, 677275510, 777166835, 877448299, 977385922, 76650698, 177076036, 278098309, 377293748, 477177161, 577145227, 678260564, 777030518, 877339707, 977190666, 77320128, 177412017, 277229824, 377264291, 478315018, 577306517, 677852376, 777301553, 877306232, 977218336, 77327066, 177344787, 277309942, 480450841, 577619091, 677313016, 777293658, 877328372, 977378126, 77318022, 177354051, 277313039, 484170298, 577446504, 677331199, 777328745, 877300908, 977390611, 77359991, 177567859, 380101117, 477349441, 577327497, 677369350, 880147811, 977396489, 77418116, 177311844, 277252143, 377339958, 478288210, 578177785, 678322520, 778332144, 877340297, 978349592, 78350821, 177399169, 277347956, 375300234, 477445197, 577195949, 677065072, 777620083, 877353205, 977494757, 77401800, 177339211, 277341525, 377874368, 475358648, 577382370, 677338480, 777367849, 877370948, 977339426, 77232570, 176735577, 278351298, 377284464, 476774456], "mag": {"x": [-300.32828282828285, 166.67171717171715, 172.67171717171715, 178.67171717171715, 172.67171717171715, 172.67171717171715, 166.67171717171715, 172.67171717171715, 184.67171717171715, 184.67171717171715, 172.67171717171715, 178.67171717171715, 184.67171717171715, 184.67171717171715, 184.67171717171715, 166.67171717171715, 166.67171717171715, 166.67171717171715, 172.67171717171715, 166.67171717171715, 166.67171717171715, 178.67171717171715, 184.67171717171715, 172.67171717171715, 184.67171717171715, 184.67171717171715, 178.67171717171715, 166.67171717171715, 178.67171717171715, 178.67171717171715, 178.67171717171715, 184.67171717171715, 184.67171717171715, 189.67171717171715, 166.67171717171715, 166.67171717171715, 160.67171717171715, 178.67171717171715, 154.67171717171715, 166.67171717171715, 178.67171717171715, 172.67171717171715, 213.67171717171715, 290.67171717171715, 502.67171717171715, 662.6717171717171, 744.6717171717171, 792.6717171717171, 792.6717171717171, 833.6717171717171, 662.6717171717171, 65.67171717171715, 30.671717171717148, 54.67171717171715, 24.671717171717148, 42.67171717171715, 42.67171717171715, 65.67171717171715, 89.67171717171715, 95.67171717171715, 113.67171717171715, 113.67171717171715, 107.67171717171715, 107.67171717171715, 89.67171717171715, 107.67171717171715, 119.67171717171715, 113.67171717171715, 107.67171717171715, 107.67171717171715, 113.67171717171715, 113.67171717171715, 101.67171717171715, 107.67171717171715, 107.67171717171715, 89.67171717171715, 95.67171717171715, 83.67171717171715, 119.67171717171715, 89.67171717171715, 101.67171717171715, 119.67171717171715, 101.67171717171715, 119.67171717171715, 101.67171717171715, 101.67171717171715, 95.67171717171715, 107.67171717171715, 95.67171717171715, 95.67171717171715, 101.67171717171715, 125.67171717171715, 107.67171717171715, 107.67171717171715, 107.67171717171715, 101.67171717171715, 113.67171717171715, 101.67171717171715, 113.67171717171715, 119.67171717171715], "y": [-516.0, -316.0, -286.0, -280.0, -292.0, -286.0, -298.0, -316.0, -298.0, -298.0, -292.0, -304.0, -269.0, -310.0, -316.0, -274.0, -286.0, -304.0, -298.0, -298.0, -286.0, -310.0, -310.0, -304.0, -280.0, -298.0, -304.0, -316.0, -292.0, -310.0, -310.0, -292.0, -310.0, -310.0, -316.0, -310.0, -316.0, -316.0, -304.0, -316.0, -310.0, -298.0, -316.0, -422.0, -499.0, -481.0, -398.0, -375.0, -369.0, -156.0, 186.0, 434.0, 387.0, 363.0, 363.0, 345.0, 339.0, 298.0, 292.0, 286.0, 280.0, 274.0, 286.0, 292.0, 298.0, 286.0, 298.0, 286.0, 286.0, 292.0, 292.0, 275.0, 310.0, 292.0, 280.0, 292.0, 286.0, 286.0, 286.0, 292.0, 304.0, 316.0, 316.0, 298.0, 304.0, 269.0, 280.0, 298.0, 292.0, 304.0, 292.0, 286.0, 286.0, 292.0, 304.0, 286.0, 280.0, 280.0, 298.0, 298.0], "z": [303.86868686868684, -465.13131313131316, -453.13131313131316, -446.13131313131316, -446.13131313131316, -440.13131313131316, -446.13131313131316, -446.13131313131316, -447.13131313131316, -453.13131313131316, -453.13131313131316, -459.13131313131316, -477.13131313131316, -440.13131313131316, -477.13131313131316, -471.13131313131316, -452.13131313131316, -459.13131313131316, -459.13131313131316, -447.13131313131316, -459.13131313131316, -465.13131313131316, -459.13131313131316, -459.13131313131316, -465.13131313131316, -459.13131313131316, -465.13131313131316, -452.13131313131316, -459.13131313131316, -459.13131313131316, -459.13131313131316, -465.13131313131316, -465.13131313131316, -471.13131313131316, -465.13131313131316, -452.13131313131316, -447.13131313131316, -453.13131313131316, -446.13131313131316, -453.13131313131316, -465.13131313131316, -459.13131313131316, -434.13131313131316, -379.13131313131316, -172.13131313131316, 10.868686868686837, 126.86868686868684, 242.86868686868684, 285.86868686868684, 72.86868686868684, -233.13131313131316, -355.13131313131316, -398.13131313131316, -416.13131313131316, -428.13131313131316, -441.13131313131316, -447.13131313131316, -465.13131313131316, -483.13131313131316, -477.13131313131316, -489.13131313131316, -471.13131313131316, -459.13131313131316, -483.13131313131316, -471.13131313131316, -483.13131313131316, -477.13131313131316, -465.13131313131316, -484.13131313131316, -477.13131313131316, -483.13131313131316, -471.13131313131316, -477.13131313131316, -477.13131313131316, -483.13131313131316, -477.13131313131316, -489.13131313131316, -489.13131313131316, -489.13131313131316, -489.13131313131316, -495.13131313131316, -484.13131313131316, -471.13131313131316, -484.13131313131316, -459.13131313131316, -471.13131313131316, -471.13131313131316, -483.13131313131316, -471.13131313131316, -483.13131313131316, -465.13131313131316, -489.13131313131316, -477.13131313131316, -465.13131313131316, -483.13131313131316, -471.13131313131316, -471.13131313131316, -495.13131313131316, -483.13131313131316, -477.13131313131316]}}