{"seconds": [1698973047, 1698973047, 1698973048, 1698973048, 1698973048, 1698973048, 1698973048, 1698973048, 1698973048, 1698973048, 1698973048, 1698973049, 1698973049, 1698973049, 1698973049, 1698973049, 1698973049, 1698973049, 1698973049, 1698973049, 1698973049, 1698973050, 1698973050, 1698973050, 1698973050, 1698973050, 1698973050, 1698973050, 1698973050, 1698973050, 1698973051, 1698973051, 1698973051, 1698973051, 1698973051, 1698973051, 1698973051, 1698973051, 1698973051, 1698973051, 1698973052, 1698973052, 1698973052, 1698973052, 1698973052, 1698973052, 1698973052, 1698973052, 1698973052, 1698973052, 1698973053, 1698973053, 1698973053, 1698973053, 1698973053, 1698973053, 1698973053, 1698973053, 1698973053, 1698973053, 1698973054, 1698973054, 1698973054, 1698973054, 1698973054, 1698973054, 1698973054, 1698973054, 1698973054, 1698973054, 1698973055, 1698973055, 1698973055, 1698973055, 1698973055, 1698973055, 1698973055, 1698973055, 1698973055, 1698973055, 1698973056, 1698973056, 1698973056, 1698973056, 1698973056, 1698973056, 1698973056, 1698973056, 1698973056, 1698973056, 1698973057, 1698973057, 1698973057, 1698973057, 1698973057, 1698973057, 1698973057, 1698973057, 1698973057, 1698973057], "nanosecs": [845156975, 941785452, 43776785, 143795686, 243836966, 343574557, 443729560, 543773961, 746852749, 843859023, 943817784, 43637312, 143547810, 243647955, 343633175, 443601364, 543789377, 643927167, 743682499, 843336377, 942226933, 43778337, 143955053, 243875954, 343811793, 443848541, 543975932, 643957376, 845983901, 943619499, 43810251, 143825658, 243859220, 345544020, 442958876, 543934152, 642713725, 742121890, 843573576, 943843136, 43688249, 143995212, 243991994, 343800027, 443901209, 543804229, 643225024, 743482404, 843758323, 942108419, 43772004, 143719914, 243501566, 343743312, 442355925, 543809439, 643814047, 743809775, 842357669, 943936439, 43904764, 143943200, 243981545, 343711037, 442042217, 543989214, 643815052, 744851139, 843907953, 942328803, 43913036, 143891621, 244074857, 343688625, 443625212, 543919439, 643914382, 744048179, 844101659, 942055830, 43605130, 144028096, 244027553, 343853438, 442313725, 544009864, 643944202, 744869011, 843928459, 942239125, 43919360, 144996890, 244026920, 344474510, 442154258, 544060909, 643427706, 743707080, 843799167, 942272927], "mag": {"x": [-62.38881118881118, -9.52167832167832, -11.199999999999998, -10.360839160839157, -7.843356643356641, -11.199999999999998, -9.52167832167832, -11.199999999999998, -11.060139860139858, -11.199999999999998, -12.738461538461536, -10.360839160839157, -9.52167832167832, -10.360839160839157, -9.52167832167832, -10.360839160839157, -7.004195804195802, -10.360839160839157, -9.52167832167832, -11.199999999999998, -10.360839160839157, -11.899300699300696, -11.899300699300696, -8.68251748251748, -10.360839160839157, -9.52167832167832, -10.360839160839157, -9.52167832167832, -8.68251748251748, -11.899300699300696, -10.360839160839157, -11.199999999999998, -11.199999999999998, -11.899300699300696, -11.199999999999998, -9.52167832167832, -11.199999999999998, -11.060139860139858, -8.68251748251748, -11.899300699300696, -11.199999999999998, -10.360839160839157, -10.360839160839157, -11.199999999999998, -11.899300699300696, -10.360839160839157, -11.199999999999998, -10.360839160839157, -10.360839160839157, -10.360839160839157, -9.52167832167832, -10.360839160839157, -9.52167832167832, -9.52167832167832, -10.360839160839157, -9.52167832167832, -10.360839160839157, -11.899300699300696, -9.52167832167832, -8.68251748251748, -9.52167832167832, -9.52167832167832, -8.68251748251748, -9.52167832167832, -10.360839160839157, -10.360839160839157, -11.899300699300696, -10.360839160839157, -9.52167832167832, -8.68251748251748, -11.060139860139858, -11.060139860139858, -9.52167832167832, -9.52167832167832, -9.52167832167832, -11.899300699300696, -9.52167832167832, -9.52167832167832, -11.899300699300696, -10.360839160839157, -11.899300699300696, -10.360839160839157, -9.52167832167832, -8.68251748251748, -11.199999999999998, -9.52167832167832, -9.52167832167832, -10.360839160839157, -11.899300699300696, -10.360839160839157, -10.360839160839157, -9.52167832167832, -11.899300699300696, -10.360839160839157, -9.52167832167832, -11.199999999999998, -11.199999999999998, -10.360839160839157, -10.360839160839157, -11.199999999999998], "y": [-72.47191011235955, 40.168539325842694, 42.69662921348314, 41.01123595505618, 44.38202247191011, 43.53932584269663, 40.168539325842694, 41.01123595505618, 41.01123595505618, 41.853932584269664, 41.01123595505618, 42.69662921348314, 40.168539325842694, 40.168539325842694, 43.53932584269663, 42.69662921348314, 42.69662921348314, 41.853932584269664, 40.168539325842694, 40.168539325842694, 40.168539325842694, 38.62359550561798, 40.168539325842694, 40.168539325842694, 38.62359550561798, 41.01123595505618, 40.168539325842694, 41.01123595505618, 42.69662921348314, 41.853932584269664, 41.853932584269664, 40.168539325842694, 41.853932584269664, 41.01123595505618, 41.01123595505618, 39.325842696629216, 39.325842696629216, 40.168539325842694, 41.853932584269664, 41.01123595505618, 39.325842696629216, 41.853932584269664, 40.168539325842694, 41.853932584269664, 40.168539325842694, 41.853932584269664, 41.01123595505618, 42.69662921348314, 40.168539325842694, 39.325842696629216, 41.01123595505618, 42.69662921348314, 40.168539325842694, 40.168539325842694, 41.01123595505618, 40.168539325842694, 41.01123595505618, 41.01123595505618, 41.01123595505618, 39.325842696629216, 41.01123595505618, 43.53932584269663, 41.853932584269664, 41.01123595505618, 42.69662921348314, 42.69662921348314, 43.53932584269663, 40.168539325842694, 39.325842696629216, 41.01123595505618, 42.69662921348314, 41.01123595505618, 39.325842696629216, 41.01123595505618, 42.69662921348314, 42.69662921348314, 42.69662921348314, 39.325842696629216, 44.38202247191011, 39.325842696629216, 41.01123595505618, 43.53932584269663, 41.01123595505618, 44.38202247191011, 43.53932584269663, 41.01123595505618, 41.853932584269664, 41.01123595505618, 41.853932584269664, 41.01123595505618, 41.01123595505618, 40.168539325842694, 41.01123595505618, 40.168539325842694, 41.01123595505618, 41.853932584269664, 41.853932584269664, 41.01123595505618, 41.01123595505618, 41.853932584269664],