{"seconds": [1698973068, 1698973068, 1698973068, 1698973068, 1698973069, 1698973069, 1698973069, 1698973069, 1698973069, 1698973069, 1698973069, 1698973069, 1698973069, 1698973069, 1698973070, 1698973070, 1698973070, 1698973070, 1698973070, 1698973070, 1698973070, 1698973070, 1698973071, 1698973071, 1698973071, 1698973071, 1698973071, 1698973071, 1698973071, 1698973071, 1698973071, 1698973071, 1698973072, 1698973072, 1698973072, 1698973072, 1698973072, 1698973072, 1698973072, 1698973072, 1698973072, 1698973072, 1698973073, 1698973073, 1698973073, 1698973073, 1698973073, 1698973073, 1698973073, 1698973073, 1698973073, 1698973073, 1698973074, 1698973074, 1698973074, 1698973074, 1698973074, 1698973074, 1698973074, 1698973074, 1698973074, 1698973075, 1698973075, 1698973075, 1698973075, 1698973075, 1698973075, 1698973075, 1698973075, 1698973075, 1698973075, 1698973076, 1698973076, 1698973076, 1698973076, 1698973076, 1698973076, 1698973076, 1698973076, 1698973076, 1698973076, 1698973077, 1698973077, 1698973077, 1698973077, 1698973077, 1698973077, 1698973077, 1698973077, 1698973077, 1698973077, 1698973078, 1698973078, 1698973078, 1698973078, 1698973078, 1698973078, 1698973078, 1698973078, 1698973078], "nanosecs": [624998743, 721925309, 823544603, 923583267, 22118505, 123914274, 223657862, 323503245, 423764160, 523975513, 623916125, 723844214, 823918645, 923982405, 23966293, 124981431, 223766874, 324029725, 540675297, 623566621, 722037383, 821877127, 27670203, 123667199, 223750998, 323765657, 424990247, 522949953, 625188452, 722213223, 822035091, 922262874, 24050304, 124947558, 223822970, 324777761, 425062390, 523872793, 623854488, 723889987, 823139435, 925059861, 24799414, 123750045, 223858390, 324947844, 424857206, 523806728, 624987882, 724945851, 825139134, 924997576, 25202415, 123698315, 224834798, 324893978, 424906564, 523781507, 623796048, 827266964, 924906909, 23936748, 123995478, 224811390, 324988191, 424948943, 524030925, 623841301, 724959124, 824759791, 924888354, 24001400, 122289772, 224861118, 323985883, 424658908, 523662978, 625048055, 725011315, 823827985, 923825425, 25028129, 123469843, 224827940, 323852059, 424034222, 524019315, 624616264, 725017168, 823838349, 925000276, 127370285, 224208941, 324001581, 424935869, 524949484, 623996495, 722994327, 824912298, 923821928], "mag": {"x": [-62.38881118881118, -10.360839160839157, -10.360839160839157, -10.360839160839157, -11.199999999999998, -11.060139860139858, -9.52167832167832, -10.360839160839157, -11.899300699300696, -9.52167832167832, -11.199999999999998, -8.68251748251748, -10.360839160839157, -9.52167832167832, -10.360839160839157, -10.360839160839157, -10.360839160839157, -11.199999999999998, -11.060139860139858, -11.060139860139858, -9.52167832167832, -7.843356643356641, -7.843356643356641, -7.843356643356641, -11.899300699300696, -11.199999999999998, -10.360839160839157, -10.360839160839157, -11.199999999999998, -10.360839160839157, -10.360839160839157, -10.360839160839157, -10.360839160839157, -9.52167832167832, -10.360839160839157, -10.360839160839157, -11.899300699300696, -10.360839160839157, -10.360839160839157, -10.360839160839157, -11.199999999999998, -10.360839160839157, -11.060139860139858, -10.360839160839157, -10.360839160839157, -8.68251748251748, -9.52167832167832, -11.060139860139858, -11.199999999999998, -11.199999999999998, -12.738461538461536, -11.899300699300696, -11.199999999999998, -9.52167832167832, -10.360839160839157, -8.68251748251748, -11.199999999999998, -11.199999999999998, -11.199999999999998, -9.52167832167832, -11.199999999999998, -9.52167832167832, 0.4083916083916106, 21.107692307692307, 30.1986013986014, 41.667132867132864, 45.862937062937064, 39.28951048951049, 13.695104895104897, 6.142657342657345, 3.765034965034967, 4.604195804195806, 7.820979020979022, 13.695104895104897, 7.820979020979022, 7.820979020979022, 7.820979020979022, 4.604195804195806, 4.604195804195806, 3.765034965034967, 3.765034965034967, 6.981818181818183, 6.981818181818183, 7.820979020979022, 6.981818181818183, 7.820979020979022, 7.820979020979022, 6.981818181818183, 6.981818181818183, 6.981818181818183, 7.820979020979022, 6.981818181818183, 7.820979020979022, 6.981818181818183, 7.820979020979022, 8.660139860139862, 5.443356643356645, 6.981818181818183, 9.4993006993007, 7.820979020979022], "y": [72.47191011235955, -41.853932584269664, -42.69662921348314, -43.53932584269663, -43.53932584269663, -43.53932584269663, -41.853932584269664, -39.325842696629216, -42.69662921348314, -41.01123595505618, -41.01123595505618, -41.853932584269664, -41.01123595505618, -40.168539325842694, -39.325842696629216, -40.168539325842694, -38.48314606741573, -41.01123595505618, -40.168539325842694, -41.01123595505618, -38.62359550561798, -41.01123595505618, -40.168539325842694, -42.69662921348314, -43.53932584269663, -41.01123595505618, -41.853932584269664, -41.853932584269664, -41.853932584269664, -41.01123595505618, -38.62359550561798, -40.168539325842694, -43.53932584269663, -41.01123595505618, -41.01123595505618, -41.01123595505618, -41.01123595505618, -41.853932584269664, -41.853932584269664, -44.38202247191011, -40.168539325842694, -42.69662921348314, -42.69662921348314, -41.01123595505618, -41.853932584269664, -39.325842696629216, -41.853932584269664, -45.2247191011236, -41.853932584269664, -39.325842696629216, -39.325842696629216, -41.853932584269664, -41.853932584269664, -41.853932584269664, -40.168539325842694, -42.69662921348314, -42.69662921348314, -41.853932584269664, -44.38202247191011, -41.01123595505618, -42.69662921348314, -45.2247191011236, -44.38202247191011, -36.93820224719101, -31.882022471910112, -12.92134831460674, 25.280898876404493, 46.91011235955056, 47.6123595505618, 41.01123595505618, 42.69662921348314, 41.01123595505618, 42.69662921348314, 42.69662921348314, 43.53932584269663, 42.69662921348314, 45.2247191011236, 41.853932584269664, 42.69662921348314, 42.69662921348314, 41.01123595505618, 41.01123595505618, 41.01123595505618, 40.168539325842694, 43.53932584269663, 42.69662921348314, 40.168539325842694, 41.853932584269664, 41.853932584269664, 42.69662921348314, 41.853932584269664, 41.01123595505618, 43.53932584269663, 41.853932584269664, 43.53932584269663, 41.01123595505618, 44.38202247191011, 43.53932584269663, 43.53932584269663, 42.69662921348314],