{"seconds": [1698950382, 1698950382, 1698950382, 1698950382, 1698950383, 1698950383, 1698950383, 1698950383, 1698950383, 1698950383, 1698950383, 1698950383, 1698950383, 1698950384, 1698950384, 1698950384, 1698950384, 1698950384, 1698950384, 1698950384, 1698950384, 1698950384, 1698950385, 1698950385, 1698950385, 1698950385, 1698950385, 1698950385, 1698950385, 1698950385, 1698950385, 1698950386, 1698950386, 1698950386, 1698950386, 1698950386, 1698950386, 1698950386, 1698950386, 1698950386, 1698950386, 1698950387, 1698950387, 1698950387, 1698950387, 1698950387, 1698950387, 1698950387, 1698950387, 1698950387, 1698950387, 1698950388, 1698950388, 1698950388, 1698950388, 1698950388, 1698950388, 1698950388, 1698950388, 1698950388, 1698950388, 1698950389, 1698950389, 1698950389, 1698950389, 1698950389, 1698950389, 1698950389, 1698950389, 1698950389, 1698950390, 1698950390, 1698950390, 1698950390, 1698950390, 1698950390, 1698950390, 1698950390, 1698950390, 1698950391, 1698950391, 1698950391, 1698950391, 1698950391, 1698950391, 1698950391, 1698950391, 1698950391, 1698950391, 1698950392, 1698950392, 1698950392, 1698950392, 1698950392, 1698950392, 1698950392, 1698950392, 1698950392, 1698950392, 1698950393], "nanosecs": [644751119, 744786857, 844384819, 944636375, 44951289, 144554965, 244438796, 344628316, 444755082, 544757559, 746997865, 844712491, 944707119, 44544153, 246786818, 344659914, 444405460, 544646906, 644545934, 746022441, 844668458, 944844898, 44606722, 247809153, 344625876, 445699566, 543730080, 644840189, 744635196, 844612191, 943776245, 44738318, 144652168, 244576935, 344655946, 444588541, 544556684, 644624393, 744988349, 844688458, 944586087, 44664807, 146010709, 244612240, 344760638, 444513692, 544620086, 645851671, 744592749, 844615520, 944505145, 44501026, 144625495, 244611120, 344764589, 445680556, 544630274, 644506901, 744632260, 844659919, 944608137, 43479523, 144584294, 244809921, 344509806, 547679074, 644499335, 743605824, 844489538, 944399135, 44517182, 144678694, 244642693, 345090823, 443767167, 544832301, 644750837, 746050667, 844804381, 46722439, 143701822, 244620534, 343510019, 444563051, 543405286, 645031607, 744668141, 844714105, 944795092, 44754592, 144782452, 244917573, 344798410, 444821379, 544812832, 651837650, 744993077, 844525026, 944948520, 146738286], "accel": {"x": [-0.01, 0.0, 0.009999999999999998, -0.01, -0.01, 0.0, -0.01, 0.0, -0.02, 0.02, 0.0, -0.01, 0.0, -0.01, 0.0, -0.01, 0.0, 0.0, -0.01, 0.0, 0.009999999999999998, -0.02, -0.02, -0.01, -0.01, -0.02, 0.0, 0.0, 0.02, 0.71, -0.9400000000000001, 1.94, 0.09, 0.32, 0.36, -1.55, 0.7, -0.02, 0.32, -1.41, 0.38999999999999996, -0.06, 0.39999999999999997, 0.02, 0.2, -0.13, 0.0, 0.06, 0.009999999999999998, -0.01, 0.02, 0.009999999999999998, 0.030000000000000002, 0.009999999999999998, 0.030000000000000002, 0.64, 0.17, 0.64, 0.14, 1.17, 0.16, 0.83, -0.21, 0.13, 0.009999999999999998, 0.039999999999999994, 0.09, 0.09999999999999999, 0.009999999999999998, 0.22, -0.30000000000000004, -0.04, -0.03, -0.19, -0.08, 0.12000000000000001, 0.31, -0.02, -0.01, -0.01, 0.02, 0.06, 0.009999999999999998, 0.030000000000000002, -0.02, 0.030000000000000002, -0.01, -0.03, 0.06999999999999999, 0.039999999999999994, 0.030000000000000002, 0.02, 0.02, 0.039999999999999994, 0.0, -0.02, 0.030000000000000002, -0.01, 0.030000000000000002, 0.030000000000000002], "y": [1.31, 1.3000000000000003, 1.3200000000000003, 1.3200000000000003, 1.3200000000000003, 1.33, 1.35, 1.31, 1.33, 1.3200000000000003, 1.31, 1.2600000000000002, 1.29, 1.33, 1.3599999999999999, 1.3200000000000003, 1.31, 1.33, 1.31, 1.33, 1.3400000000000003, 1.29, 1.3000000000000003, 1.35, 1.33, 1.33, 1.31, 1.33, 1.3000000000000003, -1.3699999999999999, 2.2399999999999998, 0.2200000000000002, 1.6600000000000001, 1.2200000000000002, 1.17, -0.15999999999999992, 1.0900000000000003, 1.69, -0.3699999999999999, 0.29000000000000004, 1.33, 0.28000000000000025, 0.08000000000000007, 0.2400000000000002, 0.26000000000000023, 0.41999999999999993, 0.18999999999999995, 0.07000000000000006, 0.20000000000000018, 0.2200000000000002, 0.18999999999999995, 0.2200000000000002, 0.22999999999999998, 0.22999999999999998, 0.2200000000000002, 0.16999999999999993, 0.3999999999999999, 3.6999999999999997, 0.20999999999999996, 0.41999999999999993, -0.05999999999999983, -1.5999999999999999, 0.41999999999999993, 0.14000000000000012, 0.1299999999999999, 0.26000000000000023, 0.3400000000000003, 0.08000000000000007, 0.5100000000000002, 0.1200000000000001, 0.8500000000000001, 0.3200000000000003, -0.44999999999999996, 0.3999999999999999, 0.28000000000000025, 0.3599999999999999, 0.25, 0.22999999999999998, 0.20000000000000018, 0.27, 0.26000000000000023, 0.29000000000000004, 0.2200000000000002, 0.2400000000000002, 0.2400000000000002, 0.25, 0.2400000000000002, 0.040000000000000036, 0.22999999999999998, 0.25, 0.26000000000000023, 0.25, 0.22999999999999998, 0.25, 0.18000000000000016, 0.16999999999999993, 0.26000000000000023, 0.20999999999999996, 0.26000000000000023, 0.26000000000000023], "z": [9.72, 9.72, 9.72, 9.71, 9.72, 9.71, 9.71, 9.7, 9.71, 9.7, 9.7, 9.72, 9.74, 9.67, 9.7, 9.72, 9.71, 9.69, 9.69, 9.72, 9.71, 9.68, 9.74, 9.67, 9.68, 9.72, 9.69, 9.69, 9.74, 9.7, 9.35, 8.37, 10.65, 9.48, 9.8, 10.33, 9.57, 9.49, 10.33, 10.26, 9.4, 9.85, 9.75, 9.8, 9.83, 9.78, 9.84, 9.76, 9.77, 9.77, 9.82, 9.790000000000001, 9.8, 9.83, 9.83, 9.81, 9.790000000000001, 9.75, 9.8, 10.15, 9.67, 9.6, 9.790000000000001, 9.84, 9.790000000000001, 9.77, 9.64, 10.02, 9.91, 9.68, 9.68, 9.77, 9.74, 9.75, 9.77, 9.790000000000001, 9.71, 9.84, 9.78, 9.8, 9.77, 9.84, 9.82, 9.75, 9.8, 9.8, 9.8, 9.76, 9.81, 9.77, 9.77, 9.77, 9.790000000000001, 9.8, 9.74, 9.8, 9.8, 9.78, 9.77, 9.790000000000001]}, "gyro": {"x": [0.0, 0.0, 0.0, 0.0, 0.0, 0.0, -0.0033333333333333335, 0.0, 0.0, 0.0, 0.0, -0.0011111111111111111, 0.0, 0.0, 0.0, 0.0, 0.0011111111111111111, 0.0, 0.0, 0.0, 0.0, 0.0, 0.0, 0.0, 0.0, 0.0, 0.0, 0.0, 0.0, -1.9366666666666668, 0.08555555555555555, 0.14666666666666667, 0.8777777777777778, 0.11444444444444445, -0.42, 0.03, 0.058888888888888886, -0.0044444444444444444, -0.05, -0.0811111111111111, -0.13, -0.01888888888888889, -0.01, -0.0011111111111111111, 0.01, -0.042222222222222223, 0.006666666666666667, 0.0077777777777777776, -0.0044444444444444444, -0.022222222222222223, 0.006666666666666667, -0.0044444444444444444, -0.006666666666666667, 0.02, -0.014444444444444444, 0.03, 0.01, -0.09444444444444444, 0.008888888888888889, -0.016666666666666666, 0.024444444444444446, 0.11333333333333333, -0.04, -0.45444444444444443, 0.08333333333333333, -0.0044444444444444444, -0.021111111111111112, 0.01, 0.06, 0.012222222222222223, 0.0044444444444444444, 0.0033333333333333335, 0.0, -0.35, 0.08333333333333333, 0.0011111111111111111, -0.01888888888888889, 0.0033333333333333335, -0.022222222222222223, -0.015555555555555555, 0.0011111111111111111, 0.017777777777777778, -0.006666666666666667, -0.006666666666666667, 0.0, -0.008888888888888889, 0.0, -0.0022222222222222222, 0.01, 0.0022222222222222222, 0.0077777777777777776, -0.0022222222222222222, -0.0033333333333333335, -0.008888888888888889, -0.011111111111111112, 0.0022222222222222222, 0.0022222222222222222, 0.015555555555555555, 0.0044444444444444444, 0.0033333333333333335],