{"seconds": [1698958551, 1698958551, 1698958552, 1698958552, 1698958552, 1698958552, 1698958552, 1698958552, 1698958552, 1698958552, 1698958552, 1698958552, 1698958553, 1698958553, 1698958553, 1698958553, 1698958553, 1698958553, 1698958553, 1698958553, 1698958553, 1698958554, 1698958554, 1698958554, 1698958554, 1698958554, 1698958554, 1698958554, 1698958554, 1698958554, 1698958554, 1698958555, 1698958555, 1698958555, 1698958555, 1698958555, 1698958555, 1698958555, 1698958555, 1698958555, 1698958556, 1698958556, 1698958556, 1698958556, 1698958556, 1698958556, 1698958556, 1698958556, 1698958556, 1698958556, 1698958557, 1698958557, 1698958557, 1698958557, 1698958557, 1698958557, 1698958557, 1698958557, 1698958557, 1698958557, 1698958558, 1698958558, 1698958558, 1698958558, 1698958558, 1698958558, 1698958558, 1698958558, 1698958558, 1698958559, 1698958559, 1698958559, 1698958559, 1698958559, 1698958559, 1698958559, 1698958559, 1698958560, 1698958560, 1698958560, 1698958560, 1698958560, 1698958560, 1698958560, 1698958560, 1698958560, 1698958560, 1698958561, 1698958561, 1698958561, 1698958561, 1698958561, 1698958561, 1698958561, 1698958561, 1698958561, 1698958561, 1698958562, 1698958562, 1698958562], "nanosecs": [836214777, 934795977, 35228807, 134988852, 235948312, 335907876, 434836172, 534873138, 634749459, 735096711, 835137982, 934941141, 35005913, 134958607, 235258971, 335171466, 435148294, 534846196, 737798071, 835438184, 933728698, 33722228, 133704664, 233824687, 333892382, 434730815, 534814304, 634986962, 734995991, 834949233, 934921043, 35013037, 134718364, 234975880, 335032030, 434786195, 535008792, 634815764, 734974994, 835096233, 37224585, 133811802, 234971663, 334936303, 435282442, 534957173, 634904712, 735033695, 834929719, 934813749, 34958556, 134979011, 234885564, 334908869, 434973753, 535081681, 635050374, 734974284, 835155336, 934933677, 35038689, 134847505, 234913257, 335111627, 435154930, 534907556, 634951816, 734928081, 835171928, 36118206, 134918902, 235190183, 335085796, 435216049, 534984157, 737185117, 834964725, 37299773, 135127454, 234964305, 335130547, 434972173, 534885266, 634838834, 734999640, 835176509, 934891084, 34845406, 135010628, 235160608, 335021679, 435162309, 534952954, 634939215, 734911194, 835175764, 934901080, 34899932, 134976264, 235194529], "accel": {"x": [0.008100000000000005, -0.001899999999999995, -0.001899999999999995, -0.011899999999999996, -0.001899999999999995, -0.001899999999999995, -0.011899999999999996, -0.001899999999999995, -0.021899999999999996, 0.008100000000000005, -0.011899999999999996, -0.011899999999999996, -0.001899999999999995, 0.008100000000000005, -0.001899999999999995, -0.011899999999999996, 0.008100000000000005, 0.018100000000000005, -0.011899999999999996, -0.001899999999999995, -0.001899999999999995, -0.001899999999999995, -0.001899999999999995, 0.008100000000000005, -0.011899999999999996, -0.011899999999999996, -0.001899999999999995, 0.008100000000000005, -0.001899999999999995, -0.001899999999999995, -0.001899999999999995, -0.001899999999999995, -0.011899999999999996, 0.008100000000000005, -0.011899999999999996, 0.008100000000000005, 0.028100000000000007, 0.028100000000000007, 0.008100000000000005, -0.011899999999999996, 0.008100000000000005, -0.011899999999999996, -0.001899999999999995, -0.001899999999999995, 0.018100000000000005, 0.008100000000000005, -0.011899999999999996, -0.001899999999999995, -0.001899999999999995, -0.011899999999999996, 0.018100000000000005, -0.011899999999999996, -0.011899999999999996, -0.011899999999999996, -0.001899999999999995, -0.011899999999999996, -0.011899999999999996, 0.018100000000000005, 0.008100000000000005, -0.011899999999999996, -0.001899999999999995, -0.001899999999999995, -0.011899999999999996, -0.011899999999999996, -0.001899999999999995, -0.011899999999999996, 0.008100000000000005, -0.001899999999999995, -0.011899999999999996, -0.011899999999999996, -0.001899999999999995, -0.011899999999999996, -0.001899999999999995, 0.008100000000000005, -0.011899999999999996, 0.008100000000000005, 0.028100000000000007, 0.008100000000000005, -0.011899999999999996, 0.008100000000000005, -0.001899999999999995, -0.001899999999999995, -0.011899999999999996, 0.008100000000000005, -0.011899999999999996, -0.011899999999999996, -0.001899999999999995, 0.008100000000000005, -0.011899999999999996, -0.021899999999999996, 0.008100000000000005, 0.008100000000000005, -0.011899999999999996, -0.001899999999999995, 0.008100000000000005, -0.021899999999999996, -0.011899999999999996, -0.001899999999999995, -0.001899999999999995, -0.001899999999999995], "y": [-0.0003999999999999915, -0.0003999999999999915, -0.01039999999999999, -0.01039999999999999, -0.0003999999999999915, -0.02039999999999999, -0.0003999999999999915, -0.0003999999999999915, 0.00960000000000001, -0.0003999999999999915, 0.00960000000000001, -0.02039999999999999, -0.0003999999999999915, -0.0003999999999999915, -0.0003999999999999915, -0.01039999999999999, -0.01039999999999999, -0.04039999999999999, -0.0003999999999999915, -0.01039999999999999, -0.0003999999999999915, -0.0003999999999999915, -0.01039999999999999, -0.02039999999999999, -0.0003999999999999915, -0.01039999999999999, -0.0003999999999999915, -0.04039999999999999, 0.00960000000000001, 0.00960000000000001, -0.0003999999999999915, -0.02039999999999999, 0.00960000000000001, 0.00960000000000001, -0.01039999999999999, -0.01039999999999999, -0.0003999999999999915, 0.00960000000000001, 0.00960000000000001, -0.0003999999999999915, -0.0003999999999999915, 0.00960000000000001, -0.0003999999999999915, -0.0003999999999999915, -0.01039999999999999, -0.01039999999999999, 0.00960000000000001, -0.02039999999999999, -0.01039999999999999, -0.0003999999999999915, -0.01039999999999999, -0.0003999999999999915, 0.00960000000000001, -0.02039999999999999, -0.0003999999999999915, -0.01039999999999999, 0.00960000000000001, -0.01039999999999999, -0.0003999999999999915, 0.00960000000000001, 0.00960000000000001, -0.0003999999999999915, -0.02039999999999999, -0.0003999999999999915, 0.00960000000000001, 0.00960000000000001, -0.0003999999999999915, -0.02039999999999999, -0.02039999999999999, 0.00960000000000001, -0.030399999999999993, -0.01039999999999999, 0.00960000000000001, 0.00960000000000001, -0.02039999999999999, 0.00960000000000001, 0.00960000000000001, 0.00960000000000001, -0.02039999999999999, -0.0003999999999999915, -0.0003999999999999915, -0.01039999999999999, -0.0003999999999999915, -0.02039999999999999, -0.01039999999999999, 0.00960000000000001, -0.0003999999999999915, -0.0003999999999999915, -0.0003999999999999915, 0.00960000000000001, -0.01039999999999999, 0.00960000000000001, 0.00960000000000001, -0.01039999999999999, 0.00960000000000001, -0.01039999999999999, 0.00960000000000001, -0.01039999999999999, -0.030399999999999993, -0.01039999999999999], "z": [9.79247, 9.832469999999999, 9.81247, 9.832469999999999, 9.81247, 9.78247, 9.82247, 9.80247, 9.81247, 9.82247, 9.82247, 9.80247, 9.81247, 9.80247, 9.80247, 9.832469999999999, 9.79247, 9.79247, 9.81247, 9.78247, 9.80247, 9.80247, 9.78247, 9.78247, 9.78247, 9.80247, 9.80247, 9.79247, 9.79247, 9.82247, 9.79247, 9.81247, 9.80247, 9.79247, 9.80247, 9.80247, 9.81247, 9.80247, 9.80247, 9.82247, 9.81247, 9.82247, 9.79247, 9.81247, 9.832469999999999, 9.832469999999999, 9.82247, 9.81247, 9.80247, 9.81247, 9.79247, 9.832469999999999, 9.832469999999999, 9.82247, 9.80247, 9.832469999999999, 9.84247, 9.80247, 9.81247, 9.81247, 9.82247, 9.82247, 9.79247, 9.80247, 9.832469999999999, 9.80247, 9.84247, 9.832469999999999, 9.81247, 9.832469999999999, 9.81247, 9.82247, 9.81247, 9.832469999999999, 9.80247, 9.80247, 9.78247, 9.80247, 9.832469999999999, 9.82247, 9.81247, 9.832469999999999, 9.832469999999999, 9.84247, 9.80247, 9.80247, 9.81247, 9.82247, 9.80247, 9.81247, 9.82247, 9.80247, 9.79247, 9.80247, 9.79247, 9.80247, 9.81247, 9.80247, 9.79247, 9.80247]},