{"seconds": [1699977315, 1699977316, 1699977316, 1699977316, 1699977316, 1699977316, 1699977316, 1699977316, 1699977316, 1699977316, 1699977317, 1699977317, 1699977317, 1699977317, 1699977317, 1699977317, 1699977317, 1699977317, 1699977318, 1699977318, 1699977318, 1699977318, 1699977318, 1699977318, 1699977318, 1699977318, 1699977318, 1699977319, 1699977319, 1699977319, 1699977319, 1699977319, 1699977319, 1699977319, 1699977319, 1699977320, 1699977320, 1699977320, 1699977320, 1699977320, 1699977320, 1699977320, 1699977320, 1699977321, 1699977321, 1699977321, 1699977321, 1699977321, 1699977321, 1699977321, 1699977321, 1699977321, 1699977321, 1699977322, 1699977322, 1699977322, 1699977322, 1699977322, 1699977322, 1699977322, 1699977322, 1699977322, 1699977322, 1699977323, 1699977323, 1699977323, 1699977323, 1699977323, 1699977323, 1699977323, 1699977323, 1699977323, 1699977324, 1699977324, 1699977324, 1699977324, 1699977324, 1699977324, 1699977324, 1699977324, 1699977324, 1699977324, 1699977325, 1699977325, 1699977325, 1699977325, 1699977325, 1699977325, 1699977325, 1699977325, 1699977325, 1699977325, 1699977326, 1699977326, 1699977326, 1699977326, 1699977326, 1699977326, 1699977326, 1699977326], "nanosecs": [922000477, 20981888, 122248116, 220910310, 321329474, 420960068, 522256119, 622278302, 720914774, 822348261, 24300891, 122254307, 222290522, 321275186, 524415040, 621107391, 721184135, 923326620, 21316401, 122423230, 221237803, 321107228, 421512114, 521154273, 622466440, 722492344, 821262916, 24594081, 121179933, 325608911, 421366122, 522571373, 621441559, 721443612, 821326120, 24732372, 121558686, 221445049, 423564841, 521523638, 622788773, 721471261, 821808802, 23799132, 121537599, 221854780, 321583614, 421823069, 521629755, 621825648, 721715580, 821670777, 921721393, 21693796, 121826506, 221793219, 321806503, 421574553, 521906231, 621907144, 721706091, 821746294, 921861870, 125025664, 221814284, 321979729, 422008201, 522030169, 620824450, 722024485, 820781754, 922066203, 20904972, 121965146, 221856186, 322072571, 421907486, 523044324, 621974113, 722097563, 820898606, 922214289, 20960750, 122109460, 221010739, 322220842, 420914995, 522182608, 620918964, 721982536, 822018267, 922259121, 21062808, 122294055, 221074161, 322280530, 421074013, 522168871, 622253985, 927184156], "accel": {"x": [-0.0619, 0.008100000000000005, 0.028100000000000007, 0.11810000000000001, 0.5281, -0.0919, 0.058100000000000006, 0.25810000000000005, 0.3981, -0.0619, -0.3119, -7.431900000000001, 0.21810000000000002, -0.04189999999999999, -0.0819, -0.10189999999999999, -0.26189999999999997, 0.2781, 0.0981, 0.21810000000000002, 0.15810000000000002, 0.008100000000000005, -0.1919, 0.1081, 0.20810000000000003, 0.0981, 0.17810000000000004, -0.1119, -0.5319, -0.25189999999999996, 0.48810000000000003, -0.8519, -0.1219, 0.048100000000000004, 0.08810000000000001, 0.21810000000000002, 0.008100000000000005, 0.0981, 0.11810000000000001, -0.001899999999999995, 0.06810000000000001, 0.008100000000000005, 0.028100000000000007, 0.018100000000000005, 0.048100000000000004, 0.03810000000000001, 0.06810000000000001, 0.03810000000000001, 0.06810000000000001, 0.048100000000000004, 0.048100000000000004, 0.018100000000000005, 0.03810000000000001, 0.028100000000000007, 0.03810000000000001, 0.06810000000000001, 0.03810000000000001, 0.03810000000000001, 0.058100000000000006, 0.0781, 0.06810000000000001, 0.06810000000000001, 0.0781, 0.058100000000000006, 0.0781, 0.058100000000000006, 0.03810000000000001, 0.058100000000000006, 0.06810000000000001, 0.03810000000000001, 0.06810000000000001, 0.048100000000000004, 0.0781, 0.06810000000000001, 0.06810000000000001, 0.058100000000000006, 0.0781, 0.08810000000000001, 0.0781, 0.058100000000000006, 0.048100000000000004, 0.058100000000000006, 0.048100000000000004, 0.06810000000000001, 0.0781, 0.0781, 0.06810000000000001, 0.0781, 0.058100000000000006, 0.06810000000000001, 0.06810000000000001, 0.058100000000000006, 0.06810000000000001, 0.0781, 0.058100000000000006, 0.0781, 0.08810000000000001, 0.0781, 0.06810000000000001, 0.08810000000000001], "y": [-0.4304, -0.4704, -0.4404, -0.4404, -0.5104, -0.4004, -0.1604, -0.3204, -0.4704, -0.8403999999999999, -0.6404, -1.8104, -0.2504, -0.5604, -0.5504, -0.33039999999999997, -0.5704, -0.6604, -0.3004, -0.2904, -0.6903999999999999, -0.33039999999999997, -0.4904, -0.2704, -0.10039999999999999, -0.7203999999999999, -0.1604, -0.4604, -0.3604, -0.01039999999999999, -0.2004, -0.1304, -0.1704, -0.2904, -0.4704, -0.1104, -0.1704, -0.1404, -0.1604, -0.2004, -0.1804, -0.2104, -0.1804, -0.1404, -0.1604, -0.1604, -0.19039999999999999, -0.1604, -0.1404, -0.1604, -0.1704, -0.1504, -0.1604, -0.1704, -0.1504, -0.1404, -0.1404, -0.1404, -0.1404, -0.1304, -0.1704, -0.1404, -0.1404, -0.1204, -0.1704, -0.1504, -0.1604, -0.1504, -0.1404, -0.1504, -0.1404, -0.1404, -0.1504, -0.1504, -0.1404, -0.1504, -0.1404, -0.1504, -0.1504, -0.1304, -0.1304, -0.1704, -0.1504, -0.1304, -0.1404, -0.1404, -0.1404, -0.1704, -0.1304, -0.1404, -0.1504, -0.1704, -0.1504, -0.1504, -0.1604, -0.1304, -0.1604, -0.1204, -0.1204, -0.1404], "z": [-9.587530000000001, -9.61753, -9.567530000000001, -9.55753, -9.567530000000001, -9.54753, -9.667530000000001, -9.54753, -9.59753, -9.487530000000001, -9.45753, -9.54753, -9.62753, -9.60753, -9.55753, -9.54753, -9.63753, -9.63753, -9.53753, -9.647530000000001, -9.657530000000001, -9.567530000000001, -9.61753, -9.55753, -9.60753, -9.54753, -9.657530000000001, -9.54753, -9.55753, -9.53753, -9.61753, -9.53753, -9.407530000000001, -9.44753, -9.51753, -9.60753, -9.497530000000001, -9.577530000000001, -9.577530000000001, -9.567530000000001, -9.577530000000001, -9.55753, -9.577530000000001, -9.567530000000001, -9.577530000000001, -9.567530000000001, -9.55753, -9.567530000000001, -9.567530000000001, -9.567530000000001, -9.54753, -9.60753, -9.54753, -9.59753, -9.587530000000001, -9.587530000000001, -9.647530000000001, -9.46753, -9.55753, -9.577530000000001, -9.54753, -9.577530000000001, -9.55753, -9.567530000000001, -9.577530000000001, -9.577530000000001, -9.567530000000001, -9.567530000000001, -9.55753, -9.577530000000001, -9.59753, -9.61753, -9.567530000000001, -9.577530000000001, -9.59753, -9.567530000000001, -9.577530000000001, -9.567530000000001, -9.55753, -9.59753, -9.567530000000001, -9.577530000000001, -9.587530000000001, -9.55753, -9.60753, -9.54753, -9.587530000000001, -9.587530000000001, -9.59753, -9.577530000000001, -9.59753, -9.59753, -9.567530000000001, -9.59753, -9.567530000000001, -9.577530000000001, -9.577530000000001, -9.55753, -9.59753, -9.577530000000001]}, "gyro": {"x": [0.12, -2.88, 0.12, -3.88, -8.88, -1.88, 0.12, -4.88, -0.88, -7.88, -5.88, 0.12, -7.88, -8.88, -0.88, -3.88, -1.88, -1.88, 0.12, 0.12, -6.88, -18.88, 0.12, 0.12, -4.88, -22.88, 19.12, -1.88, -1.88, -54.88, -2.88, -1.88, -7.88, -18.88, -5.88, -8.88, -6.88, -9.88, -7.88, -3.88, -2.88, 0.12, -1.88, -5.88, 0.12, -0.88, 0.12, -0.88, -0.88, 0.12, 0.12, 0.12, 0.12, -0.88, 0.12, 0.12, 2.12, -7.88, 0.12, 0.12, 0.12, 0.12, -0.88, 0.12, 0.12, 0.12, 0.12, -2.88, -1.88, 0.12, -0.88, 1.12, 0.12, -0.88, 0.12, 1.12, 0.12, 0.12, 0.12, 0.12, 0.12, 1.12, 0.12, 0.12, 0.12, -0.88, 0.12, 0.12, 0.12, 0.12, 0.12, 0.12, 0.12, -0.88, 0.12, 0.12, 0.12, 0.12, 0.12, 0.12],