{"seconds": [1698958287, 1698958287, 1698958287, 1698958287, 1698958287, 1698958288, 1698958288, 1698958288, 1698958288, 1698958288, 1698958288, 1698958288, 1698958288, 1698958288, 1698958289, 1698958289, 1698958289, 1698958289, 1698958289, 1698958289, 1698958289, 1698958289, 1698958289, 1698958289, 1698958290, 1698958290, 1698958290, 1698958290, 1698958290, 1698958290, 1698958290, 1698958290, 1698958290, 1698958290, 1698958291, 1698958291, 1698958291, 1698958291, 1698958291, 1698958291, 1698958291, 1698958291, 1698958291, 1698958292, 1698958292, 1698958292, 1698958292, 1698958292, 1698958292, 1698958292, 1698958292, 1698958292, 1698958293, 1698958293, 1698958293, 1698958293, 1698958293, 1698958293, 1698958293, 1698958293, 1698958293, 1698958293, 1698958294, 1698958294, 1698958294, 1698958294, 1698958294, 1698958294, 1698958294, 1698958294, 1698958294, 1698958294, 1698958295, 1698958295, 1698958295, 1698958295, 1698958295, 1698958295, 1698958295, 1698958295, 1698958295, 1698958295, 1698958296, 1698958296, 1698958296, 1698958296, 1698958296, 1698958296, 1698958296, 1698958296, 1698958296, 1698958296, 1698958297, 1698958297, 1698958297, 1698958297, 1698958297, 1698958297, 1698958297, 1698958297], "nanosecs": [525584061, 623392825, 724629172, 824077858, 924533649, 24637025, 123291400, 224606537, 324452272, 424544656, 524418141, 725173041, 824082059, 923149724, 23008190, 124511908, 224544340, 324097803, 424376705, 524506729, 624440104, 724608612, 824231616, 925115144, 24416765, 124487623, 224496507, 324480060, 424463753, 524509401, 624525150, 724490512, 824127619, 924338289, 24557587, 226318901, 324402218, 424203145, 524419621, 624449908, 724325120, 824521791, 924496219, 24522341, 124241422, 224181446, 324434876, 424419935, 524186813, 624650684, 724208279, 926678691, 24545144, 124547480, 224423662, 324415169, 424501652, 524450866, 625133562, 724441315, 824290622, 924269950, 24459844, 124576945, 224421207, 324383878, 424521804, 524397350, 624420010, 724430366, 824479226, 924535294, 24509056, 124469212, 224429884, 324449664, 424607810, 524458007, 624473348, 724461426, 824505589, 924465205, 23557374, 124620958, 224628088, 324423512, 424468877, 524593373, 624468501, 724549927, 824607960, 924488191, 24620670, 124740424, 223451224, 324595426, 424515754, 524661245, 624375324, 826358633], "accel": {"x": [-1.1899999999999995, 0.8100000000000005, -1.1899999999999995, 1.8100000000000005, -1.1899999999999995, -2.1899999999999995, 0.8100000000000005, -1.1899999999999995, -0.1899999999999995, -0.1899999999999995, -0.1899999999999995, -0.1899999999999995, 0.8100000000000005, -1.1899999999999995, -0.1899999999999995, 1.8100000000000005, 0.8100000000000005, -1.1899999999999995, 2.8100000000000005, 0.8100000000000005, -0.1899999999999995, -1.1899999999999995, -0.1899999999999995, -1.1899999999999995, -0.1899999999999995, 0.8100000000000005, 1.8100000000000005, -1.1899999999999995, 0.8100000000000005, -2.1899999999999995, 1.8100000000000005, -0.1899999999999995, -0.1899999999999995, -0.1899999999999995, -0.1899999999999995, -1.1899999999999995, -0.1899999999999995, -1.1899999999999995, -1.1899999999999995, -0.1899999999999995, -0.1899999999999995, 1.8100000000000005, 0.8100000000000005, -1.1899999999999995, 0.8100000000000005, -1.1899999999999995, -0.1899999999999995, 2.8100000000000005, -1.1899999999999995, -0.1899999999999995, 0.8100000000000005, -1.1899999999999995, 0.8100000000000005, -0.1899999999999995, -1.1899999999999995, 1.8100000000000005, -1.1899999999999995, -0.1899999999999995, -1.1899999999999995, -1.1899999999999995, -0.1899999999999995, 0.8100000000000005, -0.1899999999999995, 0.8100000000000005, -1.1899999999999995, -0.1899999999999995, -0.1899999999999995, 1.8100000000000005, 0.8100000000000005, 0.8100000000000005, -0.1899999999999995, 0.8100000000000005, -1.1899999999999995, -1.1899999999999995, -1.1899999999999995, -1.1899999999999995, -1.1899999999999995, 0.8100000000000005, -0.1899999999999995, -0.1899999999999995, 0.8100000000000005, -0.1899999999999995, -0.1899999999999995, 0.8100000000000005, -1.1899999999999995, 0.8100000000000005, -1.1899999999999995, -0.1899999999999995, -0.1899999999999995, -0.1899999999999995, 1.8100000000000005, -1.1899999999999995, -1.1899999999999995, -0.1899999999999995, 2.8100000000000005, -0.1899999999999995, -0.1899999999999995, 2.8100000000000005, 0.8100000000000005, -1.1899999999999995], "y": [-1.0399999999999991, -0.03999999999999915, -2.039999999999999, 0.9600000000000009, -1.0399999999999991, -1.0399999999999991, -3.039999999999999, 0.9600000000000009, -4.039999999999999, 0.9600000000000009, -1.0399999999999991, -2.039999999999999, -0.03999999999999915, -1.0399999999999991, -2.039999999999999, 0.9600000000000009, -0.03999999999999915, -0.03999999999999915, -0.03999999999999915, -2.039999999999999, -0.03999999999999915, -2.039999999999999, 0.9600000000000009, 0.9600000000000009, -1.0399999999999991, -1.0399999999999991, -3.039999999999999, -1.0399999999999991, -4.039999999999999, 0.9600000000000009, -1.0399999999999991, -0.03999999999999915, -0.03999999999999915, -0.03999999999999915, -1.0399999999999991, 0.9600000000000009, 0.9600000000000009, -2.039999999999999, -0.03999999999999915, -1.0399999999999991, -1.0399999999999991, 0.9600000000000009, -3.039999999999999, -2.039999999999999, 0.9600000000000009, 0.9600000000000009, 0.9600000000000009, 0.9600000000000009, -1.0399999999999991, -2.039999999999999, 0.9600000000000009, 0.9600000000000009, -1.0399999999999991, -0.03999999999999915, -1.0399999999999991, -0.03999999999999915, -2.039999999999999, 0.9600000000000009, -1.0399999999999991, -2.039999999999999, 0.9600000000000009, -1.0399999999999991, 0.9600000000000009, -0.03999999999999915, 0.9600000000000009, 0.9600000000000009, -1.0399999999999991, 0.9600000000000009, -0.03999999999999915, 0.9600000000000009, 0.9600000000000009, 0.9600000000000009, -0.03999999999999915, 0.9600000000000009, -2.039999999999999, -2.039999999999999, -2.039999999999999, 0.9600000000000009, -1.0399999999999991, -3.039999999999999, -0.03999999999999915, -0.03999999999999915, -0.03999999999999915, -1.0399999999999991, -2.039999999999999, -0.03999999999999915, -0.03999999999999915, -0.03999999999999915, -2.039999999999999, -1.0399999999999991, -0.03999999999999915, -0.03999999999999915, -0.03999999999999915, -0.03999999999999915, -0.03999999999999915, -0.03999999999999915, -2.039999999999999, -2.039999999999999, -1.0399999999999991, 1.9600000000000009], "z": [982.247, 982.247, 982.247, 980.247, 984.247, 981.247, 982.247, 983.247, 984.247, 980.247, 979.247, 983.247, 978.247, 981.247, 983.247, 981.247, 982.247, 983.247, 980.247, 979.247, 980.247, 980.247, 982.247, 983.247, 979.247, 979.247, 984.247, 979.247, 981.247, 979.247, 981.247, 980.247, 983.247, 983.247, 979.247, 982.247, 982.247, 983.247, 980.247, 983.247, 980.247, 981.247, 982.247, 983.247, 982.247, 981.247, 980.247, 983.247, 982.247, 982.247, 982.247, 981.247, 981.247, 981.247, 982.247, 984.247, 983.247, 981.247, 983.247, 980.247, 982.247, 982.247, 981.247, 981.247, 983.247, 983.247, 980.247, 981.247, 982.247, 982.247, 981.247, 983.247, 981.247, 984.247, 982.247, 981.247, 982.247, 981.247, 978.247, 983.247, 980.247, 979.247, 982.247, 981.247, 981.247, 982.247, 980.247, 982.247, 982.247, 981.247, 984.247, 980.247, 979.247, 980.247, 980.247, 980.247, 982.247, 982.247, 977.247, 979.247]}, "gyro": {"x": [0.0, 0.0, 0.0, 0.0, 0.0, 0.0, 0.0, 0.0, 1.0, -1.0, 0.0, 0.0, 0.0, 0.0, 0.0, 0.0, -1.0, 0.0, 0.0, 0.0, 0.0, -1.0, 0.0, 0.0, -1.0, 0.0, 0.0, 0.0, 0.0, 0.0, 0.0, 0.0, 1.0, 0.0, 0.0, 2.0, 0.0, 0.0, -1.0, 0.0, 0.0, 0.0, 0.0, 0.0, 0.0, 0.0, -1.0, 0.0, 0.0, 0.0, 0.0, 1.0, 0.0, -1.0, 0.0, -1.0, 0.0, 0.0, 0.0, 0.0, -1.0, 0.0, 0.0, -2.0, 0.0, 0.0, 0.0, 0.0, 0.0, 0.0, 0.0, -1.0, 0.0, 0.0, -1.0, 0.0, 0.0, 0.0, 0.0, 0.0, 0.0, 0.0, 0.0, 0.0, 0.0, 0.0, 0.0, 0.0, 0.0, -2.0, 0.0, 0.0, 1.0, 0.0, 0.0, 0.0, -1.0, 0.0, 0.0, -2.0],