{"seconds": [1700325517, 1700325517, 1700325517, 1700325517, 1700325517, 1700325517, 1700325517, 1700325518, 1700325518, 1700325518, 1700325518, 1700325518, 1700325518, 1700325518, 1700325518, 1700325518, 1700325518, 1700325519, 1700325519, 1700325519, 1700325519, 1700325519, 1700325519, 1700325519, 1700325519, 1700325519, 1700325519, 1700325520, 1700325520, 1700325520, 1700325520, 1700325520, 1700325520, 1700325520, 1700325520, 1700325521, 1700325521, 1700325521, 1700325521, 1700325521, 1700325521, 1700325521, 1700325521, 1700325521, 1700325521, 1700325521, 1700325522, 1700325522, 1700325522, 1700325522, 1700325522, 1700325522, 1700325522, 1700325522, 1700325522, 1700325522, 1700325523, 1700325523, 1700325523, 1700325523, 1700325523, 1700325523, 1700325523, 1700325523, 1700325523, 1700325523, 1700325524, 1700325524, 1700325524, 1700325524, 1700325524, 1700325524, 1700325524, 1700325524, 1700325525, 1700325525, 1700325525, 1700325525, 1700325525, 1700325525, 1700325525, 1700325525, 1700325525, 1700325526, 1700325526, 1700325526, 1700325526, 1700325526, 1700325526, 1700325526, 1700325526, 1700325526, 1700325526, 1700325527, 1700325527, 1700325527, 1700325527, 1700325527, 1700325527, 1700325527], "nanosecs": [397030337, 497635500, 597359096, 697335315, 798730440, 898591892, 998531830, 98512118, 199295954, 297530644, 398360210, 498638229, 598368241, 698545163, 798587271, 898319430, 998586801, 98590536, 198724835, 298587185, 398875564, 498750450, 598670535, 698836426, 798807907, 898743271, 998781334, 98694343, 197898402, 298782808, 398839481, 498784590, 599079332, 698560706, 798543863, 729165, 98534515, 197950428, 298726511, 398733681, 497589239, 598698683, 698591632, 799149672, 898715524, 998668996, 98732516, 198840044, 298569833, 397637537, 498608679, 597576297, 698625643, 798819101, 898746814, 998609822, 98803435, 198767416, 298733826, 398716426, 498561263, 598615181, 698807962, 798718956, 897802828, 998725267, 98747693, 198720157, 298731432, 500881700, 597957918, 802017221, 898878458, 999122562, 98712883, 199130499, 298665965, 398757385, 497779737, 599134301, 699109762, 799111283, 899134357, 102822035, 198985220, 298681761, 397420586, 497113345, 599165068, 698812066, 799120074, 899062034, 999179632, 98894595, 199075363, 299081849, 399172578, 499173250, 599140557, 698759963], "mag": {"x": [23.666999999999973, 6.666999999999973, 0.6669999999999732, 0.6669999999999732, 6.666999999999973, 0.6669999999999732, 6.666999999999973, 6.666999999999973, 0.6669999999999732, 6.666999999999973, 6.666999999999973, 6.666999999999973, 12.666999999999973, -5.333000000000027, 12.666999999999973, -5.333000000000027, 12.666999999999973, 6.666999999999973, 12.666999999999973, 0.6669999999999732, 18.666999999999973, 6.666999999999973, 0.6669999999999732, 0.6669999999999732, 12.666999999999973, 0.6669999999999732, 0.6669999999999732, 0.6669999999999732, -11.333000000000027, 12.666999999999973, 0.6669999999999732, 0.6669999999999732, 0.6669999999999732, 6.666999999999973, 12.666999999999973, 18.666999999999973, 29.666999999999973, 0.6669999999999732, -5.333000000000027, 12.666999999999973, 6.666999999999973, -5.333000000000027, 6.666999999999973, 0.6669999999999732, -11.333000000000027, -5.333000000000027, 6.666999999999973, -11.333000000000027, 0.6669999999999732, 0.6669999999999732, 12.666999999999973, 0.6669999999999732, 6.666999999999973, 23.666999999999973, 12.666999999999973, -5.333000000000027, 6.666999999999973, 0.6669999999999732, 29.666999999999973, 0.6669999999999732, 0.6669999999999732, -5.333000000000027, -5.333000000000027, 6.666999999999973, 6.666999999999973, 12.666999999999973, 6.666999999999973, 12.666999999999973, 0.6669999999999732, 12.666999999999973, 12.666999999999973, 6.666999999999973, 12.666999999999973, 12.666999999999973, 12.666999999999973, -5.333000000000027, 6.666999999999973, -5.333000000000027, 0.6669999999999732, 6.666999999999973, 6.666999999999973, 12.666999999999973, 6.666999999999973, 12.666999999999973, 12.666999999999973, -5.333000000000027, -5.333000000000027, 23.666999999999973, 6.666999999999973, 6.666999999999973, 18.666999999999973, 23.666999999999973, 18.666999999999973, 0.6669999999999732, 6.666999999999973, 0.6669999999999732, 6.666999999999973, 23.666999999999973, -5.333000000000027, 0.6669999999999732], "y": [266.0, 260.0, 254.0, 277.0, 260.0, 266.0, 254.0, 266.0, 266.0, 248.0, 254.0, 254.0, 283.0, 254.0, 260.0, 283.0, 271.0, 265.0, 254.0, 260.0, 265.0, 271.0, 265.0, 266.0, 260.0, 260.0, 271.0, 265.0, 271.0, 260.0, 277.0, 271.0, 265.0, 260.0, 265.0, 260.0, 265.0, 254.0, 260.0, 271.0, 260.0, 260.0, 277.0, 248.0, 265.0, 271.0, 277.0, 265.0, 277.0, 271.0, 271.0, 289.0, 277.0, 260.0, 265.0, 260.0, 260.0, 254.0, 260.0, 271.0, 265.0, 271.0, 248.0, 265.0, 254.0, 283.0, 260.0, 265.0, 277.0, 271.0, 254.0, 254.0, 254.0, 277.0, 266.0, 260.0, 271.0, 254.0, 277.0, 260.0, 266.0, 265.0, 242.0, 242.0, 242.0, 266.0, 277.0, 283.0, 277.0, 265.0, 260.0, 283.0, 271.0, 254.0, 254.0, 248.0, 254.0, 254.0, 260.0, 260.0], "z": [-846.202, -852.202, -852.202, -847.202, -846.202, -846.202, -834.202, -840.202, -834.202, -828.202, -834.202, -847.202, -846.202, -846.202, -859.202, -853.202, -853.202, -853.202, -853.202, -846.202, -834.202, -834.202, -846.202, -847.202, -853.202, -859.202, -859.202, -853.202, -859.202, -840.202, -840.202, -853.202, -846.202, -840.202, -865.202, -853.202, -840.202, -858.202, -840.202, -846.202, -846.202, -846.202, -846.202, -853.202, -840.202, -852.202, -853.202, -853.202, -865.202, -858.202, -834.202, -846.202, -840.202, -846.202, -822.202, -840.202, -834.202, -840.202, -853.202, -846.202, -853.202, -840.202, -840.202, -834.202, -859.202, -847.202, -834.202, -840.202, -853.202, -846.202, -853.202, -859.202, -840.202, -846.202, -834.202, -859.202, -846.202, -853.202, -852.202, -853.202, -834.202, -853.202, -834.202, -859.202, -859.202, -853.202, -846.202, -859.202, -840.202, -859.202, -859.202, -840.202, -846.202, -859.202, -828.202, -853.202, -840.202, -846.202, -840.202, -846.202]}}