{"seconds": [1700325555, 1700325556, 1700325556, 1700325556, 1700325556, 1700325556, 1700325556, 1700325556, 1700325556, 1700325556, 1700325557, 1700325557, 1700325557, 1700325557, 1700325557, 1700325557, 1700325557, 1700325557, 1700325557, 1700325557, 1700325558, 1700325558, 1700325558, 1700325558, 1700325558, 1700325558, 1700325558, 1700325558, 1700325558, 1700325559, 1700325559, 1700325559, 1700325559, 1700325559, 1700325559, 1700325559, 1700325559, 1700325559, 1700325560, 1700325560, 1700325560, 1700325560, 1700325560, 1700325560, 1700325560, 1700325560, 1700325560, 1700325561, 1700325561, 1700325561, 1700325561, 1700325561, 1700325561, 1700325561, 1700325561, 1700325561, 1700325561, 1700325562, 1700325562, 1700325562, 1700325562, 1700325562, 1700325562, 1700325562, 1700325562, 1700325563, 1700325563, 1700325563, 1700325563, 1700325563, 1700325563, 1700325563, 1700325563, 1700325563, 1700325564, 1700325564, 1700325564, 1700325564, 1700325564, 1700325564, 1700325564, 1700325564, 1700325564, 1700325564, 1700325565, 1700325565, 1700325565, 1700325565, 1700325565, 1700325565, 1700325565, 1700325565, 1700325565, 1700325565, 1700325566, 1700325566, 1700325566, 1700325566, 1700325566, 1700325566], "nanosecs": [998997936, 98059739, 197349342, 297773960, 398642436, 498004153, 699969894, 797612128, 897554623, 997804059, 97712119, 199116327, 299199343, 399008821, 499011718, 597878673, 698979578, 798992247, 898999464, 998999649, 98802658, 197984586, 297968198, 398643220, 497702830, 599194096, 697656821, 797899686, 897811607, 100876267, 302942244, 398823977, 497721030, 597723789, 698063283, 798989070, 898937319, 997915275, 97949564, 197953149, 297875026, 500921255, 597789483, 698945672, 797711297, 899080855, 999133662, 99203792, 198799668, 297949967, 399172331, 498866391, 597810373, 698836886, 798872389, 898797749, 997892930, 98022631, 198788176, 298163949, 398825968, 497395930, 597861657, 802102694, 999766493, 97789869, 197561555, 297821877, 397788362, 497845682, 599003615, 800941892, 897630208, 997797473, 98852270, 198592448, 298840173, 398820595, 498934535, 597828575, 698080118, 797404624, 897951148, 997813372, 97880937, 198971528, 298434769, 399053645, 499087738, 598187568, 698998835, 798130197, 898985746, 997531444, 99011538, 199057858, 298102222, 397887716, 498161501, 599147993], "mag": {"x": [-780.3330000000001, -792.3330000000001, -774.3330000000001, -792.3330000000001, -780.3330000000001, -774.3330000000001, -792.3330000000001, -780.3330000000001, -786.3330000000001, -792.3330000000001, -786.3330000000001, -786.3330000000001, -780.3330000000001, -780.3330000000001, -786.3330000000001, -786.3330000000001, -780.3330000000001, -786.3330000000001, -780.3330000000001, -792.3330000000001, -780.3330000000001, -786.3330000000001, -780.3330000000001, -780.3330000000001, -786.3330000000001, -786.3330000000001, -792.3330000000001, -774.3330000000001, -774.3330000000001, -774.3330000000001, -780.3330000000001, -774.3330000000001, -774.3330000000001, -774.3330000000001, -786.3330000000001, -786.3330000000001, -780.3330000000001, -804.3330000000001, -774.3330000000001, -768.3330000000001, -780.3330000000001, -786.3330000000001, -792.3330000000001, -774.3330000000001, -792.3330000000001, -774.3330000000001, -792.3330000000001, -786.3330000000001, -792.3330000000001, -786.3330000000001, -774.3330000000001, -774.3330000000001, -786.3330000000001, -762.3330000000001, -774.3330000000001, -780.3330000000001, -792.3330000000001, -774.3330000000001, -780.3330000000001, -774.3330000000001, -768.3330000000001, -786.3330000000001, -774.3330000000001, -798.3330000000001, -786.3330000000001, -780.3330000000001, -780.3330000000001, -774.3330000000001, -774.3330000000001, -768.3330000000001, -768.3330000000001, -774.3330000000001, -768.3330000000001, -786.3330000000001, -792.3330000000001, -774.3330000000001, -774.3330000000001, -774.3330000000001, -768.3330000000001, -786.3330000000001, -780.3330000000001, -762.3330000000001, -798.3330000000001, -780.3330000000001, -786.3330000000001, -780.3330000000001, -792.3330000000001, -768.3330000000001, -774.3330000000001, -780.3330000000001, -768.3330000000001, -786.3330000000001, -780.3330000000001, -792.3330000000001, -792.3330000000001, -786.3330000000001, -780.3330000000001, -780.3330000000001, -762.3330000000001, -792.3330000000001], "y": [-356.0, -338.0, -356.0, -332.0, -344.0, -368.0, -368.0, -350.0, -350.0, -344.0, -362.0, -356.0, -362.0, -362.0, -379.0, -350.0, -344.0, -356.0, -362.0, -368.0, -344.0, -356.0, -362.0, -344.0, -350.0, -356.0, -362.0, -356.0, -350.0, -362.0, -350.0, -362.0, -356.0, -350.0, -362.0, -338.0, -356.0, -320.0, -362.0, -326.0, -332.0, -338.0, -350.0, -356.0, -350.0, -350.0, -356.0, -350.0, -356.0, -362.0, -356.0, -344.0, -368.0, -356.0, -350.0, -344.0, -356.0, -350.0, -356.0, -344.0, -362.0, -356.0, -362.0, -350.0, -373.0, -350.0, -356.0, -368.0, -350.0, -362.0, -344.0, -344.0, -362.0, -356.0, -356.0, -350.0, -350.0, -326.0, -362.0, -362.0, -356.0, -350.0, -356.0, -356.0, -350.0, -350.0, -368.0, -356.0, -350.0, -338.0, -356.0, -368.0, -350.0, -356.0, -362.0, -356.0, -350.0, -338.0, -350.0, -344.0], "z": [3.798000000000002, -2.201999999999998, -8.201999999999998, -15.201999999999998, -21.201999999999998, -15.201999999999998, -8.201999999999998, -2.201999999999998, -21.201999999999998, -8.201999999999998, -21.201999999999998, -8.201999999999998, 22.798000000000002, -8.201999999999998, -8.201999999999998, -2.201999999999998, -8.201999999999998, -2.201999999999998, -8.201999999999998, -15.201999999999998, -2.201999999999998, -15.201999999999998, 9.798000000000002, -27.201999999999998, -33.202, -2.201999999999998, -2.201999999999998, -15.201999999999998, -15.201999999999998, -8.201999999999998, -2.201999999999998, -21.201999999999998, -15.201999999999998, 3.798000000000002, 3.798000000000002, 3.798000000000002, -8.201999999999998, -27.201999999999998, -8.201999999999998, 3.798000000000002, -2.201999999999998, 3.798000000000002, 3.798000000000002, -15.201999999999998, 9.798000000000002, -8.201999999999998, 3.798000000000002, -15.201999999999998, -2.201999999999998, 3.798000000000002, -21.201999999999998, -21.201999999999998, -15.201999999999998, -15.201999999999998, -15.201999999999998, -27.201999999999998, -15.201999999999998, -2.201999999999998, 3.798000000000002, -21.201999999999998, -2.201999999999998, -21.201999999999998, -2.201999999999998, -8.201999999999998, 3.798000000000002, -2.201999999999998, -8.201999999999998, -8.201999999999998, -27.201999999999998, -15.201999999999998, -27.201999999999998, -15.201999999999998, -8.201999999999998, 15.798000000000002, -8.201999999999998, -8.201999999999998, -8.201999999999998, -8.201999999999998, -8.201999999999998, -27.201999999999998, -15.201999999999998, -15.201999999999998, -8.201999999999998, -2.201999999999998, -8.201999999999998, -15.201999999999998, -15.201999999999998, -2.201999999999998, -2.201999999999998, -15.201999999999998, -15.201999999999998, 3.798000000000002, -2.201999999999998, -2.201999999999998, -2.201999999999998, -8.201999999999998, -2.201999999999998, 3.798000000000002, 3.798000000000002, -8.201999999999998]}}