{"seconds": [1698951210, 1698951210, 1698951210, 1698951210, 1698951211, 1698951211, 1698951211, 1698951211, 1698951211, 1698951211, 1698951211, 1698951211, 1698951211, 1698951211, 1698951212, 1698951212, 1698951212, 1698951212, 1698951212, 1698951212, 1698951212, 1698951212, 1698951212, 1698951213, 1698951213, 1698951213, 1698951213, 1698951213, 1698951213, 1698951213, 1698951213, 1698951213, 1698951213, 1698951214, 1698951214, 1698951214, 1698951214, 1698951214, 1698951214, 1698951214, 1698951214, 1698951214, 1698951215, 1698951215, 1698951215, 1698951215, 1698951215, 1698951215, 1698951215, 1698951215, 1698951215, 1698951216, 1698951216, 1698951216, 1698951216, 1698951216, 1698951216, 1698951216, 1698951216, 1698951216, 1698951216, 1698951217, 1698951217, 1698951217, 1698951217, 1698951217, 1698951217, 1698951217, 1698951217, 1698951217, 1698951217, 1698951218, 1698951218, 1698951218, 1698951218, 1698951218, 1698951218, 1698951218, 1698951218, 1698951218, 1698951218, 1698951219, 1698951219, 1698951219, 1698951219, 1698951219, 1698951219, 1698951219, 1698951219, 1698951219, 1698951219, 1698951220, 1698951220, 1698951220, 1698951220, 1698951220, 1698951220, 1698951220, 1698951220, 1698951220], "nanosecs": [651943592, 750896530, 851920193, 950866136, 50764214, 152130725, 251876420, 351860705, 450930883, 552135998, 650877886, 752107271, 850901079, 952256244, 51816574, 151888720, 251764775, 352319407, 554021151, 651831260, 751863737, 850839953, 952194581, 51947472, 151839689, 250860544, 352384977, 451756008, 552240036, 651871636, 751885936, 850789885, 952117413, 50778869, 152146190, 250816816, 352217698, 450833226, 552085589, 652054502, 752148407, 851950006, 55418786, 152109469, 252171697, 350956758, 555028923, 651752193, 752092381, 852020936, 951911614, 52007278, 151812761, 252054464, 350780830, 451987225, 550809848, 651974551, 750800543, 850869230, 950985934, 50870095, 150920938, 252000277, 351817013, 451812685, 550765614, 650863349, 750945838, 852244501, 951852893, 51984406, 150819657, 252060982, 350850934, 452108513, 551883487, 651896259, 751789214, 851862200, 950821387, 50884028, 151877827, 251772424, 352206662, 451866152, 550843499, 651852905, 751998413, 851951713, 952206233, 50747590, 152165402, 250822309, 352138747, 451757695, 551855137, 650803774, 752327522, 850827315], "accel": {"x": [-0.0595, -0.0595, -0.049499999999999995, -0.03949999999999999, -0.0595, -0.019499999999999997, -0.06949999999999999, -0.0595, -0.0595, -0.009499999999999995, 0.0005000000000000004, -0.049499999999999995, -0.0595, -0.049499999999999995, 0.0005000000000000004, -0.03949999999999999, -0.0595, -0.049499999999999995, -0.0295, -0.0595, -0.0595, -0.03949999999999999, -0.03949999999999999, -0.0595, -0.049499999999999995, -0.03949999999999999, -0.009499999999999995, -0.03949999999999999, -0.0795, -0.06949999999999999, -0.019499999999999997, -0.019499999999999997, -0.009499999999999995, -0.0595, -0.049499999999999995, -0.019499999999999997, -0.06949999999999999, -0.0895, -0.009499999999999995, -0.019499999999999997, -0.03949999999999999, -0.0595, -0.06949999999999999, -0.0295, -0.019499999999999997, -0.0595, -0.009499999999999995, -0.019499999999999997, -0.049499999999999995, -0.0995, -0.0595, -0.0295, -0.049499999999999995, -0.019499999999999997, -0.03949999999999999, -0.0595, -0.06949999999999999, -0.0595, -0.03949999999999999, -0.0595, -0.0795, -0.0595, -0.03949999999999999, -0.03949999999999999, -0.06949999999999999, -0.0795, -0.0595, -0.019499999999999997, -0.03949999999999999, -0.03949999999999999, -0.049499999999999995, -0.019499999999999997, 0.0005000000000000004, -0.0595, -0.0595, -0.0595, -0.049499999999999995, -0.0595, -0.049499999999999995, -0.0595, -0.009499999999999995, -0.049499999999999995, -0.0595, -0.0795, -0.0595, -0.0595, -0.03949999999999999, -0.0595, -0.049499999999999995, -0.0595, -0.0295, -0.06949999999999999, -0.049499999999999995, -0.049499999999999995, -0.0295, -0.0595, -0.009499999999999995, -0.0295, -0.0595, -0.06949999999999999], "y": [0.13880000000000026, 0.16880000000000006, 0.15880000000000027, 0.18880000000000008, 0.16880000000000006, 0.15880000000000027, 0.21879999999999988, 0.19879999999999987, 0.18880000000000008, 0.18880000000000008, 0.15880000000000027, 0.15880000000000027, 0.16880000000000006, 0.19879999999999987, 0.21879999999999988, 0.19879999999999987, 0.17879999999999985, 0.17879999999999985, 0.17879999999999985, 0.18880000000000008, 0.17879999999999985, 0.16880000000000006, 0.17879999999999985, 0.17879999999999985, 0.15880000000000027, 0.17879999999999985, 0.18880000000000008, 0.21879999999999988, 0.22880000000000011, 0.2088000000000001, 0.19879999999999987, 0.16880000000000006, 0.16880000000000006, 0.2088000000000001, 0.2088000000000001, 0.19879999999999987, 0.17879999999999985, 0.14880000000000004, 0.14880000000000004, 0.17879999999999985, 0.16880000000000006, 0.18880000000000008, 0.18880000000000008, 0.2088000000000001, 0.18880000000000008, 0.14880000000000004, 0.19879999999999987, 0.17879999999999985, 0.22880000000000011, 0.17879999999999985, 0.17879999999999985, 0.17879999999999985, 0.18880000000000008, 0.16880000000000006, 0.2088000000000001, 0.14880000000000004, 0.15880000000000027, 0.18880000000000008, 0.15880000000000027, 0.12880000000000003, 0.19879999999999987, 0.2088000000000001, 0.18880000000000008, 0.2088000000000001, 0.14880000000000004, 0.16880000000000006, 0.22880000000000011, 0.16880000000000006, 0.15880000000000027, 0.17879999999999985, 0.15880000000000027, 0.15880000000000027, 0.14880000000000004, 0.16880000000000006, 0.15880000000000027, 0.22880000000000011, 0.21879999999999988, 0.17879999999999985, 0.15880000000000027, 0.13880000000000026, 0.19879999999999987, 0.14880000000000004, 0.19879999999999987, 0.18880000000000008, 0.17879999999999985, 0.2088000000000001, 0.22880000000000011, 0.14880000000000004, 0.29879999999999995, 0.19879999999999987, 0.19879999999999987, 0.15880000000000027, 0.22880000000000011, 0.21879999999999988, 0.19879999999999987, 0.19879999999999987, 0.19879999999999987, 0.17879999999999985, 0.2088000000000001, 0.16880000000000006], "z": [9.7757, 9.825700000000001, 9.7757, 9.825700000000001, 9.815700000000001, 9.7857, 9.835700000000001, 9.825700000000001, 9.7757, 9.745700000000001, 9.8057, 9.815700000000001, 9.8057, 9.7957, 9.7757, 9.7757, 9.8657, 9.815700000000001, 9.8057, 9.825700000000001, 9.825700000000001, 9.7957, 9.815700000000001, 9.815700000000001, 9.825700000000001, 9.7957, 9.755700000000001, 9.7957, 9.815700000000001, 9.8657, 9.7757, 9.755700000000001, 9.815700000000001, 9.8657, 9.7657, 9.7657, 9.815700000000001, 9.825700000000001, 9.7657, 9.7757, 9.8057, 9.8457, 9.825700000000001, 9.7957, 9.7757, 9.835700000000001, 9.7757, 9.7257, 9.815700000000001, 9.8457, 9.825700000000001, 9.815700000000001, 9.7857, 9.825700000000001, 9.835700000000001, 9.825700000000001, 9.835700000000001, 9.815700000000001, 9.7857, 9.8657, 9.8757, 9.755700000000001, 9.7657, 9.815700000000001, 9.8557, 9.8557, 9.815700000000001, 9.755700000000001, 9.835700000000001, 9.835700000000001, 9.815700000000001, 9.7857, 9.7857, 9.835700000000001, 9.8657, 9.7857, 9.755700000000001, 9.815700000000001, 9.825700000000001, 9.7957, 9.7657, 9.8057, 9.8457, 9.815700000000001, 9.815700000000001, 9.7957, 9.835700000000001, 9.8657, 9.7757, 9.7857, 9.8057, 9.8057, 9.8457, 9.7757, 9.7257, 9.7957, 9.7757, 9.815700000000001, 9.815700000000001, 9.835700000000001]},